TIMESTAMP_MS,COUNTER,DEVICE_ID,PULSE_BPM,SPO2_PCT,SPO2_STATUS,PLETH,BATTERY_PCT,RED_ADC,IR_ADC,PERFUSION_INDEX
0,9,1,79,98.5,0,61264,6.4,215500,161124,10.1
10,10,1,79,98.5,8,60883,6.4,215882,161640,10.1
20,11,1,79,98.5,0,60180,6.4,216225,162080,10.1
30,12,1,79,98.5,0,59211,6.4,216482,162434,10.1
40,13,1,79,98.5,0,58012,6.4,216755,162763,10.1
50,14,1,79,98.5,0,56629,6.4,216953,163060,10.1
60,15,1,79,98.5,0,55110,6.4,217146,163253,10.1
70,16,1,79,98.5,0,53505,6.4,217269,163474,10.1
80,17,1,79,98.5,0,51855,6.4,217251,163687,10.1
90,18,1,79,98.5,0,50200,6.4,217566,163875,10.1
100,19,1,79,98.5,0,48571,6.4,217692,164078,10.1
110,20,1,79,98.5,0,47018,6.4,217895,164329,10.1
120,21,1,79,98.5,0,45546,6.4,218068,164578,10.1
130,22,1,79,98.5,0,44182,6.4,218300,164871,10.1
140,23,1,79,98.5,0,42932,6.4,218510,165214,10.1
150,24,1,79,98.5,0,41800,6.4,218736,165539,10.1
160,25,1,79,98.5,0,40777,6.4,219042,165910,10.1
170,26,1,79,98.5,0,39852,6.4,219344,166313,10.1
180,27,1,79,98.5,0,39007,6.4,219447,166706,10.1
190,28,1,79,98.5,0,38221,6.4,219954,167156,10.1
200,29,1,79,98.5,0,37472,6.4,220273,167625,10.1
210,30,1,79,98.5,0,36732,6.4,220593,168052,10.1
220,31,1,79,98.5,0,35989,6.4,220949,168559,10.1
230,32,1,79,98.5,0,35222,6.4,221338,169048,10.1
240,33,1,79,98.5,0,34412,6.4,221607,169470,10.1
250,34,1,79,98.5,0,33549,6.4,221999,169956,10.1
260,35,1,79,98.5,0,32620,6.4,222319,170464,10.1
270,36,1,79,98.5,0,31621,6.4,222611,170921,10.1
280,37,1,79,98.5,0,30555,6.4,223057,171390,10.1
290,38,1,79,98.5,0,29429,6.4,223338,171828,10.1
300,39,1,79,98.5,0,28242,6.4,223673,172281,10.1
310,40,1,79,98.5,0,27012,6.4,223969,172718,10.1
320,41,1,79,98.5,0,25745,6.4,224230,173117,10.1
330,42,1,79,98.5,0,24451,6.4,224614,173548,10.1
340,43,1,79,98.5,0,23149,6.4,224847,173866,10.1
350,44,1,79,98.5,0,21850,6.4,225170,174268,10.1
360,45,1,79,98.5,0,20572,6.4,225359,174635,10.1
370,46,1,79,98.5,0,19326,6.4,225600,174937,10.1
380,47,1,79,98.5,0,18125,6.4,225813,175248,10.1
390,48,1,79,98.5,0,16968,6.4,226080,175544,10.1
400,49,1,79,98.5,0,15880,6.4,226256,175862,10.1
410,50,1,79,98.5,0,14854,6.4,226455,176151,10.1
420,51,1,79,98.5,0,13902,6.4,226662,176464,10.1
430,52,1,79,98.5,0,13014,6.4,226854,176743,10.1
440,53,1,79,98.5,0,12201,6.4,227066,177001,10.1
450,54,1,79,98.5,0,11456,6.4,227298,177267,10.1
460,55,1,79,98.6,0,10776,6.4,227479,177569,10.1
470,56,1,79,98.6,0,10154,6.4,227689,177878,10.1
480,57,1,79,98.6,0,9578,6.4,227876,178122,10.1
490,58,1,79,98.6,0,9049,6.4,228010,178306,10.1
500,59,1,79,98.6,0,8560,6.4,228094,178409,10.1
510,60,1,79,98.6,0,8107,6.4,227984,178271,10.1
520,61,1,79,98.6,0,7695,6.4,227659,177676,10.1
530,62,1,79,98.6,0,7329,6.4,226496,176016,10.1
540,63,1,79,98.6,0,7039,6.4,224720,173457,10.1
550,64,1,79,98.6,0,6870,6.4,222596,170573,10.1
560,65,1,79,98.6,0,6928,6.4,220614,167987,10.1
570,66,1,79,98.6,0,7309,6.4,219135,165994,10.1
580,67,1,79,98.6,0,8124,6.4,218000,164469,10.1
590,68,1,79,98.6,0,9459,6.4,217154,163249,10.1
600,69,1,79,98.6,0,11395,6.4,216436,162279,10.1
610,70,1,79,98.6,0,13951,6.4,215862,161478,10.1
620,71,1,79,98.6,0,17117,6.4,215440,160828,10.1
630,72,1,79,98.6,0,20820,6.4,214968,160217,10.1
640,73,1,79,98.6,0,24966,6.4,214584,159732,10.1
650,74,1,79,98.6,0,29449,6.4,214230,159288,10.1
660,75,1,79,98.6,0,34117,6.4,213928,158883,10.1
670,76,1,79,98.6,0,38824,6.4,213630,158522,10.1
680,77,1,79,98.6,0,43433,6.1,213432,158203,10.1
690,78,1,79,98.6,0,47808,6.1,213225,157913,10.1
700,79,1,79,98.6,0,51836,6.1,213063,157694,10.1
710,80,1,79,98.6,0,55428,6.1,212950,157579,10.1
720,81,1,79,98.6,0,58532,6.1,212903,157535,10.1
730,82,1,79,98.6,0,61109,6.1,212931,157601,10.1
740,83,1,79,98.6,0,62258,6.1,213047,157814,10.1
750,84,1,79,98.6,0,62258,6.1,213335,158169,10.1
760,85,1,79,98.6,0,62258,6.1,213641,158612,10.1
770,86,1,79,98.6,0,62258,6.1,214040,159149,10.1
780,87,1,79,98.6,0,62211,6.1,214471,159688,10.1
790,88,1,79,98.6,8,61980,6.1,214869,160173,10.1
800,89,1,79,98.6,0,61446,6.1,215156,160657,10.1
810,90,1,79,98.6,0,60655,6.1,215482,161006,10.1
820,91,1,79,98.6,0,59639,6.1,215741,161362,10.1
830,92,1,79,98.6,0,58440,6.1,215955,161634,10.1
840,93,1,79,98.6,0,57097,6.1,216132,161903,10.1
850,94,1,79,98.6,0,55648,6.1,216287,162147,10.1
860,95,1,79,98.6,0,54143,6.1,216485,162403,10.1
870,96,1,79,98.6,0,52608,6.1,216649,162584,10.1
880,97,1,79,98.6,0,51088,6.1,216828,162864,10.1
890,98,1,79,98.6,0,49603,6.1,216979,163076,10.1
900,99,1,79,98.6,0,48180,6.1,217135,163368,10.1
910,100,1,79,98.6,0,46838,6.1,217427,163665,10.1
920,101,1,79,98.6,0,45583,6.1,217642,163993,10.1
930,102,1,79,98.6,0,44419,6.1,217931,164376,10.1
940,103,1,79,98.6,0,43347,6.1,218202,164749,10.1
950,104,1,79,98.6,0,42367,6.1,218513,165166,10.1
960,105,1,79,98.6,0,41452,6.1,218814,165625,10.1
970,106,1,79,98.6,0,40593,6.1,219125,166005,10.1
980,107,1,79,98.6,0,39773,6.1,219447,166436,10.1
990,108,1,79,98.6,0,38967,6.1,219851,167059,10.1
1000,109,1,79,98.6,0,38164,6.1,220196,167518,10.1
1010,110,1,79,98.6,0,37338,6.1,220550,168032,10.1
1020,111,1,79,98.6,0,36477,6.1,220964,168522,10.1
1030,112,1,79,98.6,0,35567,6.1,221305,169028,10.1
1040,113,1,79,98.6,0,34610,6.1,221619,169525,10.1
1050,114,1,79,98.6,0,33593,6.1,222024,170040,10.1
1060,115,1,79,98.6,0,32512,6.1,222331,170543,10.1
1070,116,1,79,98.6,0,31375,6.1,222762,171035,10.1
1080,117,1,79,98.6,0,30180,6.1,223112,171431,10.1
1090,118,1,79,98.6,0,28944,6.1,223421,171945,10.1
1100,119,1,79,98.6,0,27672,6.1,223770,172403,10.1
1110,120,1,79,98.6,0,26375,6.1,224092,172845,10.1
1120,121,1,79,98.6,0,25069,6.1,224404,173220,10.1
1130,122,1,79,98.6,0,23766,6.1,224621,173576,10.1
1140,123,1,79,98.6,0,22475,6.1,224921,173960,10.1
1150,124,1,79,98.6,0,21215,6.1,225170,174305,10.1
1160,125,1,79,98.6,0,19996,6.1,225333,174635,10.1
1170,126,1,79,98.6,0,18818,6.1,225601,175008,10.1
1180,127,1,79,98.6,0,17703,6.1,225835,175282,10.1
1190,128,1,79,98.6,0,16647,6.1,226083,175594,10.1
1200,129,1,79,98.6,0,15660,6.1,226312,175884,10.1
1210,130,1,79,98.6,0,14744,6.1,226517,176192,10.1
1220,131,1,79,98.6,0,13902,6.1,226730,176473,10.1
1230,132,1,79,98.6,0,13126,6.1,226922,176753,10.1
1240,133,1,79,98.6,0,12409,6.1,227126,177031,10.1
1250,134,1,79,98.6,0,11762,6.1,227325,177297,10.1
1260,135,1,79,98.6,0,11176,6.1,227445,177552,10.1
1270,136,1,79,98.6,0,10638,6.1,227676,177854,10.1
1280,137,1,79,98.6,0,10139,6.1,227887,178088,10.1
1290,138,1,79,98.6,0,9683,6.1,228102,178378,10.1
1300,139,1,79,98.6,0,9255,6.1,228263,178608,10.1
1310,140,1,79,98.6,0,8855,6.1,228404,178819,10.1
1320,141,1,79,98.6,0,8476,6.1,228406,178870,10.1
1330,142,1,79,98.6,0,8125,6.1,228395,178762,10.1
1340,143,1,79,98.6,0,7796,6.1,228008,178227,10.1
1350,144,1,79,98.6,0,7489,6.1,226961,176560,10.1
1360,145,1,79,98.6,0,7254,6.1,225090,173960,10.1
1370,146,1,79,98.6,0,7133,6.1,222928,170993,10.1
1380,147,1,79,98.6,0,7208,6.1,220928,168365,10.1
1390,148,1,79,98.6,0,7587,6.1,219431,166349,10.1
1400,149,1,79,98.6,0,8370,6.1,218276,164793,10.1
1410,150,1,79,98.6,0,9658,6.1,217420,163614,10.1
1420,151,1,79,98.6,0,11513,6.1,216686,162671,10.1
1430,152,1,79,98.6,0,13962,6.1,216125,161834,10.1
1440,153,1,79,98.6,0,16985,6.1,215628,161186,10.1
1450,154,1,79,98.6,0,20519,6.1,215186,160596,10.1
1460,155,1,79,98.6,0,24481,6.1,214845,160108,10.1
1470,156,1,79,98.6,0,28749,6.1,214491,159669,10.1
1480,157,1,79,98.6,0,33201,6.1,214230,159332,10.1
1490,158,1,79,98.6,0,37687,6.1,214002,158994,10.1
1500,159,1,79,98.6,0,42074,6.1,213739,158702,10.1
1510,160,1,79,98.6,0,46233,6.1,213560,158429,10.1
1520,161,1,79,98.6,0,50059,6.1,213417,158252,10.1
1530,162,1,79,98.6,0,53461,6.1,213335,158137,10.1
1540,163,1,79,98.6,0,56392,6.1,213264,158094,10.1
1550,164,1,79,98.6,0,58818,6.1,213327,158162,10.1
1560,165,1,79,98.6,0,60720,6.1,213465,158401,10.1
1570,166,1,79,98.6,0,62122,6.1,213733,158733,10.1
1580,167,1,79,98.6,0,62258,6.1,214034,159178,10.1
1590,168,1,79,98.6,0,62258,6.1,214465,159720,10.1
1600,169,1,79,98.6,0,62200,6.1,214828,160229,10.1
1610,170,1,79,98.6,8,61920,6.1,215195,160752,10.1
1620,171,1,79,98.6,0,61329,6.1,215570,161205,10.1
1630,172,1,79,98.6,0,60487,6.1,215871,161589,10.1
1640,173,1,79,98.6,0,59418,6.1,216160,161962,10.1
1650,174,1,79,98.6,0,58166,6.1,216436,162291,10.1
1660,175,1,79,98.6,0,56779,6.1,216590,162582,10.1
1670,176,1,79,98.6,0,55291,6.1,216799,162855,10.1
1680,177,1,79,98.6,0,53736,6.1,216997,163094,10.1
1690,178,1,79,98.6,0,52166,6.1,217208,163372,10.1
1700,179,1,79,98.6,0,50600,6.1,217388,163638,10.1
1710,180,1,79,98.6,0,49071,6.1,217637,163948,10.1
1720,181,1,79,98.6,0,47599,6.1,217851,164245,10.1
1730,182,1,79,98.6,0,46206,6.1,218064,164554,10.1
1740,183,1,79,98.6,0,44895,6.1,218340,164943,10.1
1750,184,1,79,98.6,0,43668,6.1,218584,165288,10.1
1760,185,1,79,98.6,0,42530,6.1,218911,165691,10.1
1770,186,1,79,98.6,0,41469,6.1,219163,166112,10.1
1780,187,1,79,98.6,0,40486,6.1,219524,166570,10.1
1790,188,1,79,98.6,0,39543,6.1,219884,167087,10.1
1800,189,1,79,98.6,0,38641,6.1,220214,167552,10.1
1810,190,1,79,98.6,0,37758,6.1,220622,168060,10.1
1820,191,1,79,98.6,0,36872,6.1,220992,168576,10.1
1830,192,1,79,98.6,0,35967,6.1,221325,169111,10.1
1840,193,1,79,98.6,0,35032,6.1,221701,169599,10.1
1850,194,1,79,98.6,0,34051,6.1,222096,170103,10.1
1860,195,1,79,98.6,0,33022,6.1,222453,170632,10.1
1870,196,1,79,98.6,0,31935,6.1,222835,171162,10.1
1880,197,1,79,98.6,0,30789,6.1,223184,171630,10.1
1890,198,1,79,98.6,0,29591,6.1,223556,172080,10.1
1900,199,1,79,98.6,0,28344,6.1,223848,172481,10.1
1910,200,1,79,98.6,0,27061,6.1,224141,172934,10.1
1920,201,1,79,98.6,0,25747,6.1,224484,173427,10.1
1930,202,1,79,98.6,0,24419,6.1,224769,173799,10.1
1940,203,1,79,98.6,0,23093,6.1,225018,174178,10.1
1950,204,1,79,98.6,0,21776,6.1,225274,174543,10.1
1960,205,1,79,98.6,0,20489,6.1,225558,174874,10.1
1970,206,1,79,98.6,0,19239,6.1,225777,175169,10.1
1980,207,1,79,98.6,0,18038,6.1,226032,175505,10.1
1990,208,1,79,98.6,0,16890,6.1,226246,175800,10.1
2000,209,1,79,98.6,0,15809,6.1,226435,176113,10.1
2010,210,1,79,98.6,0,14798,6.1,226618,176413,10.1
2020,211,1,79,98.6,0,13876,6.1,226816,176648,10.1
2030,212,1,79,98.6,0,13026,6.1,227024,176954,10.1
2040,213,1,79,98.6,0,12242,6.1,227214,177210,10.1
2050,214,1,79,98.6,0,11536,6.1,227417,177499,10.1
2060,215,1,79,98.6,0,10903,6.1,227626,177743,10.1
2070,216,1,79,98.6,0,10331,6.1,227808,178028,10.1
2080,217,1,79,98.6,0,9804,6.1,228007,178286,10.1
2090,218,1,79,98.6,0,9327,6.1,228211,178534,10.1
2100,219,1,79,98.6,0,8895,6.1,228429,178817,10.1
2110,220,1,79,98.6,0,8496,6.1,228568,179051,10.1
2120,221,1,79,98.6,0,8121,6.1,228708,179214,10.1
2130,222,1,79,98.6,0,7773,6.1,228773,179357,10.1
2140,223,1,79,98.6,0,7443,6.1,228816,179406,10.1
2150,224,1,79,98.6,0,7130,6.1,228606,179117,10.1
2160,225,1,79,98.6,0,6845,6.1,228005,178156,10.1
2170,226,1,79,98.6,0,6599,6.1,226616,176089,10.1
2180,227,1,79,98.6,0,6432,6.1,224617,173313,10.1
2190,228,1,79,98.6,0,6415,6.1,222538,170509,10.1
2200,229,1,79,98.6,0,6638,6.1,220745,168199,10.1
2210,230,1,79,98.6,0,7212,6.1,219403,166392,10.1
2220,231,1,79,98.6,0,8237,6.1,218452,165079,10.1
2230,232,1,79,98.6,0,9797,6.1,217713,164063,10.1
2240,233,1,79,98.6,0,11930,6.1,217064,163223,10.1
2250,234,1,79,98.6,0,14650,6.1,216592,162565,10.1
2260,235,1,79,98.6,0,17920,6.1,216131,161985,10.1
2270,236,1,79,98.6,0,21669,6.1,215819,161508,10.1
2280,237,1,79,98.6,0,25790,6.1,215516,161102,10.1
2290,238,1,79,98.6,0,30147,6.1,215275,160787,10.1
2300,239,1,79,98.6,0,34609,6.1,215081,160535,10.1
2310,240,1,79,98.6,0,39042,6.1,214894,160297,10.1
2320,241,1,79,98.6,0,43299,6.1,214766,160116,10.1
2330,242,1,79,98.6,0,47270,6.1,214677,159971,10.1
2340,243,1,79,98.6,0,50837,6.1,214565,159869,10.1
2350,244,1,79,98.6,0,53947,6.1,214588,159827,10.1
2360,245,1,79,98.6,0,56546,6.1,214608,159975,10.1
2370,246,1,79,98.6,0,58621,6.1,214800,160211,10.1
2380,247,1,79,98.6,0,60162,6.1,215068,160598,10.1
2390,248,1,79,98.6,0,61197,6.1,215469,161068,10.1
2400,249,1,79,98.6,0,61748,6.1,215829,161562,10.1
2410,250,1,79,98.6,0,61856,6.1,216258,162120,10.1
2420,251,1,79,98.6,8,61568,6.1,216675,162727,10.1
2430,252,1,79,98.6,0,60918,6.1,217010,163213,10.1
2440,253,1,79,98.6,0,59964,6.1,217365,163672,10.1
2450,254,1,79,98.6,0,58761,6.1,217660,164056,10.1
2460,255,1,78,98.6,0,57351,6.1,217900,164384,10.9
2470,256,1,78,98.6,0,55771,6.1,218117,164675,10.9
2480,257,1,78,98.6,0,54085,6.1,218278,164910,10.9
2490,258,1,78,98.6,0,52331,6.1,218478,165203,10.9
2500,259,1,78,98.6,0,50559,6.1,218715,165437,10.9
2510,260,1,78,98.6,0,48799,6.1,218878,165709,10.9
2520,261,1,78,98.6,0,47094,6.1,219032,165986,10.9
2530,262,1,78,98.6,0,45467,6.1,219284,166298,10.9
2540,263,1,78,98.6,0,43934,6.1,219510,166610,10.9
2550,264,1,78,98.6,0,42507,6.1,219785,166971,10.9
2560,265,1,78,98.6,0,41186,6.1,220054,167332,10.9
2570,266,1,78,98.6,0,39983,6.1,220368,167707,10.9
2580,267,1,78,98.6,0,38874,6.1,220658,168149,10.9
2590,268,1,78,98.6,0,37848,6.1,220964,168590,10.9
2600,269,1,78,98.6,0,36894,6.1,221300,169072,10.9
2610,270,1,78,98.6,0,35983,6.1,221662,169530,10.9
2620,271,1,78,98.6,0,35098,6.1,221982,170006,10.9
2630,272,1,78,98.6,0,34222,6.1,222364,170516,10.9
2640,273,1,78,98.6,0,33324,6.1,222718,171006,10.9
2650,274,1,78,98.6,0,32395,6.1,223094,171473,10.9
2660,275,1,78,98.6,0,31426,6.1,223447,171971,10.9
2670,276,1,78,98.6,0,30408,6.1,223777,172430,10.9
2680,277,1,78,98.6,0,29327,6.1,224167,172965,10.9
2690,278,1,78,98.6,0,28190,6.1,224443,173336,10.9
2700,279,1,78,98.6,0,26991,6.1,224773,173775,10.9
2710,280,1,78,98.6,0,25754,6.1,225094,174171,10.9
2720,281,1,78,98.6,0,24472,6.1,225345,174581,10.9
2730,282,1,78,98.6,0,23164,6.1,225618,174912,10.9
2740,283,1,78,98.6,0,21847,6.1,225876,175293,10.9
2750,284,1,78,98.6,0,20534,6.1,226097,175597,10.9
2760,285,1,78,98.6,0,19243,6.1,226333,175966,10.9
2770,286,1,78,98.6,0,17980,6.1,226521,176231,10.9
2780,287,1,78,98.6,0,16774,6.1,226761,176582,10.9
2790,288,1,78,98.6,0,15628,6.1,226972,176834,10.9
2800,289,1,78,98.6,0,14552,6.1,227197,177137,10.9
2810,290,1,78,98.6,0,13547,6.1,227405,177417,10.9
2820,291,1,78,98.6,0,12613,6.1,227633,177705,10.9
2830,292,1,78,98.6,0,11762,6.1,227815,177969,10.9
2840,293,1,78,98.6,0,10983,6.1,227952,178195,10.9
2850,294,1,78,98.6,0,10282,6.1,228076,178442,10.9
2860,295,1,78,98.6,0,9647,6.1,228328,178695,10.9
2870,296,1,78,98.6,0,9071,6.1,228527,178963,10.9
2880,297,1,78,98.6,0,8556,6.1,228732,179215,10.9
2890,298,1,78,98.6,0,8089,6.1,228874,179463,10.9
2900,299,1,78,98.6,0,7658,6.1,229054,179696,10.9
2910,300,1,78,98.6,0,7257,6.1,229217,179938,10.9
2920,301,1,78,98.6,0,6893,6.1,229362,180120,10.9
2930,302,1,78,98.6,0,6547,6.1,229414,180257,10.9
2940,303,1,78,98.6,0,6225,6.1,229369,180178,10.9
4680,477,1,77,98.6,0,46541,6.1,213213,158432,11.1
4690,478,1,77,98.6,0,50706,6.1,213028,158211,11.1
4700,479,1,77,98.6,0,54482,6.1,212846,157998,11.1
4710,480,1,77,98.6,0,57800,6.1,212754,157905,11.1
4720,481,1,77,98.6,0,60613,6.1,212732,157875,11.1
4730,482,1,77,98.6,0,62258,6.1,212842,158043,11.1
4740,483,1,77,98.6,0,62258,6.1,213021,158309,11.1
4750,484,1,77,98.6,0,62258,6.1,213365,158701,11.1
4760,485,1,77,98.6,0,62258,6.1,213724,159215,11.1
4770,486,1,77,98.6,0,62258,6.1,214120,159721,11.1
4780,487,1,77,98.6,0,62192,6.1,214501,160253,11.1
4790,488,1,77,98.6,8,61811,6.1,214854,160746,11.1
4800,489,1,77,98.6,0,61154,6.1,215210,161170,11.1
4810,490,1,77,98.6,0,60267,6.1,215479,161542,11.1
4820,491,1,77,98.6,0,59176,6.1,215695,161852,11.1
4830,492,1,77,98.6,0,57930,6.1,215931,162121,11.1
4840,493,1,77,98.6,0,56560,6.1,216123,162363,11.1
4850,494,1,77,98.6,0,55111,6.1,216262,162582,11.1
4860,495,1,77,98.6,0,53617,6.1,216417,162803,11.1
4870,496,1,77,98.6,0,52118,6.1,216552,163024,11.1
4880,497,1,77,98.6,0,50634,6.1,216767,163269,11.1
4890,498,1,77,98.6,0,49210,6.1,216962,163516,11.1
4900,499,1,77,98.6,0,47851,6.1,217143,163807,11.1
4910,500,1,77,98.6,0,46576,6.1,217404,164123,11.1
4920,501,1,77,98.6,0,45386,6.1,217634,164458,11.1
4930,502,1,77,98.6,0,44295,6.1,217917,164847,11.1
4940,503,1,77,98.6,0,43289,6.1,218222,165267,11.1
4950,504,1,77,98.6,0,42357,6.1,218538,165712,11.1
4960,505,1,77,98.6,0,41489,6.1,218846,166127,11.1
4970,506,1,77,98.6,0,40671,6.1,219168,166580,11.1
4980,507,1,77,98.6,0,39871,6.1,219526,167057,11.1
4990,508,1,77,98.6,0,39084,6.1,219851,167532,11.1
5000,509,1,77,98.6,0,38290,6.1,220201,168006,11.1
5010,510,1,77,98.6,0,37462,6.1,220575,168474,11.1
5020,511,1,77,98.6,0,36602,6.1,220853,168895,11.1
5030,512,1,77,98.6,0,35687,6.1,221172,169364,11.1
5040,513,1,77,98.6,0,34727,6.1,221516,169805,11.1
5050,514,1,77,98.6,0,33713,6.1,221816,170258,11.1
5060,515,1,77,98.6,0,32648,6.1,222167,170718,11.1
5070,516,1,77,98.6,0,31542,6.1,222506,171181,11.1
5080,517,1,77,98.6,0,30391,6.1,222864,171639,11.1
5090,518,1,77,98.6,0,29216,6.1,223247,172111,11.1
5100,519,1,77,98.6,0,28020,6.1,223568,172568,11.1
5110,520,1,77,98.6,0,26821,6.1,223872,173021,11.1
5120,521,1,77,98.6,0,25619,6.1,224184,173381,11.1
5130,522,1,77,98.6,0,24430,6.1,224407,173739,11.1
5140,523,1,77,98.6,0,23248,6.1,224669,174062,11.1
5150,524,1,77,98.6,0,22101,6.1,224921,174417,11.1
5160,525,1,77,98.6,0,20984,6.1,225145,174712,11.1
5170,526,1,77,98.6,0,19907,6.1,225407,175097,11.1
5180,527,1,77,98.6,0,18875,6.1,225584,175395,11.1
5190,528,1,77,98.6,0,17896,6.1,225868,175723,11.1
5200,529,1,77,98.6,0,16973,6.1,226087,176001,11.1
5210,530,1,77,98.6,0,16113,6.1,226259,176273,11.1
5220,531,1,77,98.6,0,15311,6.1,226515,176587,11.1
5230,532,1,77,98.6,0,14567,6.1,226708,176825,11.1
5240,533,1,77,98.6,0,13881,6.1,226744,176989,11.1
5250,534,1,77,98.6,0,13242,6.1,226763,177026,11.1
5260,535,1,77,98.6,0,12662,6.1,226538,176634,11.1
5270,536,1,77,98.6,0,12135,6.1,225750,175373,11.1
5280,537,1,77,98.6,0,11687,6.1,224043,173003,11.1
5290,538,1,77,98.6,0,11357,6.1,221894,170105,11.1
5300,539,1,77,98.6,0,11213,6.1,219876,167497,11.1
5310,540,1,77,98.6,0,11345,6.1,218322,165432,11.1
5320,541,1,77,98.6,0,11860,6.1,217075,163807,11.1
5330,542,1,77,98.6,0,12837,6.1,216187,162596,11.1
5340,543,1,77,98.6,0,14364,6.1,215481,161593,11.1
5350,544,1,77,98.6,0,16456,6.1,214855,160796,11.1
5360,545,1,77,98.6,0,19099,6.1,214343,160097,11.1
5370,546,1,77,98.6,0,22270,6.1,213894,159505,11.1
5380,547,1,77,98.6,0,25869,6.1,213540,158953,11.1
5390,548,1,77,98.6,0,29800,6.1,213163,158525,11.1
5400,549,1,77,98.6,0,33944,6.1,212796,158068,11.1
5410,550,1,77,98.6,0,38173,6.1,212526,157741,11.1
5420,551,1,77,98.6,0,42337,6.1,212290,157435,11.1
5430,552,1,77,98.6,0,46326,6.1,212098,157154,11.1
5440,553,1,77,98.6,0,50034,6.1,211925,156941,11.1
5450,554,1,77,98.6,0,53370,6.1,211746,156780,11.1
5460,555,1,77,98.6,0,56272,6.1,211727,156775,11.1
5470,556,1,77,98.6,0,58708,6.1,211774,156811,11.1
5480,557,1,77,98.6,0,60665,6.1,211895,156993,11.1
5490,558,1,77,98.6,0,62138,6.1,212141,157314,11.1
5500,559,1,77,98.6,0,62258,6.1,212498,157788,11.1
5510,560,1,77,98.6,0,62258,6.1,212793,158218,11.1
5520,561,1,77,98.6,0,62258,6.1,213219,158773,11.1
5530,562,1,77,98.6,8,62084,6.1,213588,159233,11.1
5540,563,1,77,98.6,0,61603,6.1,213926,159688,11.1
5550,564,1,77,98.6,0,60857,6.1,214221,160060,11.1
5560,565,1,77,98.6,0,59882,6.1,214472,160400,11.1
5570,566,1,77,98.6,0,58724,6.1,214704,160715,11.1
5580,567,1,77,98.6,0,57419,6.1,214903,161001,11.1
5590,568,1,77,98.6,0,56008,6.1,215074,161216,11.1
5600,569,1,77,98.6,0,54536,6.1,215289,161469,11.1
5610,570,1,77,98.6,0,53034,6.1,215463,161692,11.1
5620,571,1,77,98.6,0,51537,6.1,215590,161927,11.1
5630,572,1,77,98.6,0,50070,6.1,215791,162169,11.1
5640,573,1,77,98.6,0,48660,6.1,215990,162452,11.1
5650,574,1,77,98.6,0,47325,6.1,216274,162788,11.1
5660,575,1,77,98.6,0,46072,6.1,216488,163115,11.1
5670,576,1,77,98.6,0,44909,6.1,216785,163456,11.1
5680,577,1,77,98.6,0,43833,6.1,217044,163868,11.1
5690,578,1,77,98.6,0,42843,6.1,217385,164292,11.1
5700,579,1,77,98.6,0,41918,6.1,217684,164757,11.1
5710,580,1,77,98.6,0,41048,6.1,218070,165168,11.1
5720,581,1,77,98.6,0,40208,6.1,218393,165642,11.1
5730,582,1,77,98.6,0,39391,6.1,218668,166118,11.1
5740,583,1,77,98.6,0,38572,6.1,219118,166613,11.1
5750,584,1,77,98.6,0,37730,6.1,219417,167133,11.1
5760,585,1,77,98.6,0,36854,6.1,219852,167612,11.1
5770,586,1,77,98.6,0,35933,6.1,220225,168130,11.1
5780,587,1,77,98.6,0,34968,6.1,220566,168637,11.1
5790,588,1,77,98.6,0,33946,6.1,220931,169159,11.1
5800,589,1,77,98.6,0,32862,6.1,221270,169663,11.1
5810,590,1,77,98.6,0,31721,6.1,221657,170145,11.1
5820,591,1,77,98.6,0,30534,6.1,222009,170633,11.1
5830,592,1,77,98.6,0,29294,6.1,222321,171057,11.1
5840,593,1,77,98.6,0,28025,6.1,222627,171504,11.1
5850,594,1,77,98.6,0,26730,6.1,222961,171908,11.1
5860,595,1,77,98.6,0,25426,6.1,223288,172347,11.1
5870,596,1,77,98.6,0,24130,6.1,223577,172750,11.1
5880,597,1,77,98.6,0,22842,6.1,223844,173103,11.1
5890,598,1,77,98.6,0,21578,6.1,224127,173455,11.1
5900,599,1,77,98.6,0,20354,6.1,224348,173805,11.1
5910,600,1,77,98.6,0,19183,6.1,224594,174172,11.1
5920,601,1,77,98.6,0,18058,6.1,224845,174405,11.1
5930,602,1,77,98.6,0,17003,6.1,225053,174781,11.1
5940,603,1,77,98.6,0,16005,6.1,225294,175104,11.1
5950,604,1,77,98.6,0,15082,6.1,225499,175406,11.1
5960,605,1,77,98.6,0,14229,6.1,225707,175710,11.1
5970,606,1,77,98.6,0,13440,6.1,225960,176033,11.1
5980,607,1,77,98.6,0,12711,6.1,226161,176261,11.1
5990,608,1,77,98.6,0,12040,6.1,226374,176591,11.1
6000,609,1,77,98.6,0,11419,6.1,226563,176839,11.1
6010,610,1,77,98.6,0,10852,6.1,226632,176975,11.1
6020,611,1,77,98.6,0,10322,6.1,226674,177030,11.1
6030,612,1,77,98.6,0,9842,6.1,226490,176718,11.1
6040,613,1,77,98.6,0,9405,6.1,225750,175588,11.1
6050,614,1,77,98.6,0,9028,6.1,224165,173273,11.1
6060,615,1,77,98.6,0,8749,6.1,221977,170378,11.1
6070,616,1,77,98.6,0,8643,6.1,219874,167592,11.1
6080,617,1,77,98.6,0,8802,6.1,218178,165393,11.1
6090,618,1,77,98.6,0,9329,6.1,216946,163697,11.1
6100,619,1,77,98.6,0,10321,6.1,215904,162347,11.1
6110,620,1,77,98.6,0,11854,6.1,215156,161303,11.1
6120,621,1,77,98.6,0,13978,6.1,214513,160464,11.1
6130,622,1,77,98.6,0,16689,6.1,213962,159749,11.1
6140,623,1,77,98.6,0,19940,6.1,213541,159167,11.1
6150,624,1,77,98.6,0,23653,6.1,213112,158613,11.1
6160,625,1,77,98.6,0,27728,6.1,212788,158129,11.1
6170,626,1,77,98.6,0,32035,6.1,212466,157708,11.1
6180,627,1,77,98.6,0,36445,6.1,212154,157359,11.1
6190,628,1,77,98.6,0,40814,6.1,211996,157019,11.1
6200,629,1,77,98.6,0,45017,6.1,211696,156735,11.1
6210,630,1,77,98.6,0,48940,6.1,211552,156520,11.1
6220,631,1,77,98.6,0,52481,6.1,211447,156391,11.1
6230,632,1,77,98.6,0,55583,6.1,211353,156343,11.1
6240,633,1,77,98.6,0,58198,6.1,211378,156374,11.1
6250,634,1,77,98.6,0,60315,6.1,211519,156629,11.1
6260,635,1,77,98.6,0,61918,6.1,211737,156927,11.1
6270,636,1,77,98.6,0,62258,6.1,212082,157385,11.1
6280,637,1,77,98.6,0,62258,6.1,212508,157877,11.1
6290,638,1,77,98.6,0,62258,6.1,212699,158384,11.1
6300,639,1,77,98.6,0,62112,6.1,213282,158872,11.1
6310,640,1,77,98.6,8,61650,6.1,213589,159342,11.1
6320,641,1,77,98.6,0,60897,6.1,213915,159760,11.1
6330,642,1,77,98.6,0,59901,6.1,214204,160077,11.1
6340,643,1,77,98.6,0,58709,6.1,214449,160410,11.1
6350,644,1,77,98.6,0,57362,6.1,214611,160653,11.1
6360,645,1,77,98.6,0,55902,6.1,214805,160885,11.1
6370,646,1,77,98.6,0,54370,6.1,214991,161138,11.1
6380,647,1,77,98.6,0,52807,6.1,215151,161341,11.1
6390,648,1,77,98.6,0,51254,6.1,215238,161619,11.1
6400,649,1,77,98.6,0,49738,6.1,215535,161901,11.1
6410,650,1,77,98.6,0,48278,6.1,215781,162185,11.1
6420,651,1,77,98.6,0,46901,6.1,215930,162492,11.1
6430,652,1,77,98.6,0,45617,6.1,216181,162809,11.1
6440,653,1,77,98.6,0,44425,6.1,216457,163152,11.1
6450,654,1,77,98.6,0,43325,6.1,216763,163575,11.1
6460,655,1,77,98.6,0,42313,6.1,217047,163970,11.4
6470,656,1,77,98.6,0,41372,6.1,217362,164378,11.4
6480,657,1,77,98.6,0,40488,6.1,217706,164845,11.4
6490,658,1,77,98.6,0,39643,6.1,218044,165253,11.4
6500,659,1,77,98.6,0,38818,6.1,218444,165803,11.4
6510,660,1,77,98.6,0,38000,6.1,218758,166277,11.4
6520,661,1,77,98.6,0,37159,6.1,219165,166785,11.4
6530,662,1,77,98.6,0,36294,6.1,219483,167292,11.4
6540,663,1,77,98.6,0,35384,6.1,219907,167815,11.4
6550,664,1,77,98.6,0,34417,6.1,220225,168332,11.4
6560,665,1,77,98.6,0,33393,6.1,220603,168819,11.4
6570,666,1,77,98.6,0,32306,6.1,220985,169355,11.4
6580,667,1,77,98.6,0,31167,6.1,221345,169828,11.4
6590,668,1,77,98.6,0,29969,6.1,221721,170318,11.4
6600,669,1,77,98.6,0,28725,6.1,222088,170815,11.4
6610,670,1,77,98.6,0,27444,6.1,222397,171250,11.4
6620,671,1,77,98.6,0,26138,6.1,222751,171693,11.4
6630,672,1,77,98.6,0,24818,6.1,223067,172083,11.4
6640,673,1,77,98.6,0,23500,6.1,223348,172460,11.4
6650,674,1,77,98.6,0,22190,6.1,223642,172866,11.4
6660,675,1,77,98.6,0,20906,6.1,223888,173212,11.4
6670,676,1,77,98.6,0,19657,6.1,224151,173587,11.4
6680,677,1,77,98.6,0,18450,6.1,224396,173914,11.4
6690,678,1,77,98.6,0,17291,6.1,224634,174233,11.4
6700,679,1,77,98.6,0,16197,6.1,224879,174573,11.4
6710,680,1,77,98.6,0,15167,6.1,225123,174864,11.4
6720,681,1,77,98.6,0,14208,6.1,225307,175135,11.4
6730,682,1,77,98.6,0,13320,6.1,225479,175430,11.4
6740,683,1,77,98.6,0,12509,6.1,225718,175732,11.4
6750,684,1,77,98.6,0,11752,6.1,225948,176021,11.4
6760,685,1,77,98.6,0,11062,6.1,226117,176320,11.4
6770,686,1,77,98.6,0,10437,6.1,226357,176558,11.4
6780,687,1,77,98.6,0,9862,6.1,226563,176857,11.4
6790,688,1,77,98.6,0,9337,6.1,226755,177128,11.4
6800,689,1,77,98.6,0,8856,6.1,226944,177396,11.4
6810,690,1,77,98.6,0,8408,6.1,227061,177502,11.4
6820,691,1,77,98.6,0,7994,6.1,227024,177566,11.4
6830,692,1,77,98.6,0,7602,6.1,226827,177279,11.4
6840,693,1,77,98.6,0,7248,6.1,226236,176232,11.4
6850,694,1,77,98.6,0,6951,6.1,224648,173966,11.4
6860,695,1,77,98.6,0,6736,6.1,222426,170960,11.4
6870,696,1,77,98.6,0,6680,6.1,220203,168104,11.4
6880,697,1,77,98.6,0,6883,6.1,218510,165823,11.4
6890,698,1,77,98.6,0,7454,6.1,217182,164071,11.4
6900,699,1,77,98.6,0,8497,6.1,216190,162757,11.4
6910,700,1,77,98.6,0,10084,6.1,215460,161742,11.4
6920,701,1,77,98.6,0,12275,6.1,214847,160970,11.4
6930,702,1,77,98.6,0,15061,6.1,214382,160328,11.4
6940,703,1,77,98.6,0,18400,6.1,213939,159755,11.4
6950,704,1,77,98.6,0,22206,6.1,213588,159291,11.4
6960,705,1,77,98.6,0,26375,6.1,213263,158851,11.4
6970,706,1,77,98.6,0,30777,6.1,212979,158487,11.4
6980,707,1,77,98.6,0,35272,6.1,212752,158143,11.4
6990,708,1,77,98.6,0,39716,6.1,212530,157904,11.4
7000,709,1,77,98.6,0,43975,6.1,212346,157648,11.4
7010,710,1,77,98.6,0,47935,6.1,212208,157463,11.4
7020,711,1,77,98.6,0,51502,6.1,212078,157360,11.4
7030,712,1,77,98.6,0,54601,6.1,212028,157316,11.4
7040,713,1,77,98.6,0,57195,6.1,212102,157380,11.4
7050,714,1,77,98.6,0,59263,6.1,212270,157660,11.4
7060,715,1,77,98.6,0,60808,6.1,212548,158029,11.4
7070,716,1,77,98.6,0,61849,6.1,212902,158474,11.4
7080,717,1,77,98.6,0,62258,6.1,213296,159028,11.4
7090,718,1,77,98.6,0,62258,6.1,213683,159529,11.4
7100,719,1,77,98.6,8,62009,6.1,214054,159998,11.4
7110,720,1,77,98.6,0,61424,6.1,214425,160492,11.4
7120,721,1,77,98.6,0,60531,6.1,214729,160908,11.4
7130,722,1,77,98.6,0,59396,6.1,215002,161211,11.4
7140,723,1,77,98.6,0,58063,6.1,215231,161515,11.4
7150,724,1,77,98.6,0,56577,6.1,215431,161746,11.4
7160,725,1,77,98.6,0,54981,6.1,215600,162031,11.4
7170,726,1,77,98.6,0,53331,6.1,215776,162217,11.4
7180,727,1,77,98.6,0,51659,6.1,215966,162475,11.4
7190,728,1,77,98.6,0,50014,6.1,216149,162613,11.4
7200,729,1,77,98.6,0,48413,6.1,216293,162944,11.4
7210,730,1,77,98.6,0,46888,6.1,216534,163229,11.4
7220,731,1,77,98.6,0,45467,6.1,216727,163526,11.4
7230,732,1,77,98.6,0,44156,6.1,216969,163867,11.4
7240,733,1,77,98.6,0,42948,6.1,217228,164220,11.4
7250,734,1,77,98.6,0,41844,6.1,217489,164598,11.4
7260,735,1,77,98.6,0,40838,6.1,217843,165021,11.4
7270,736,1,77,98.6,0,39909,6.1,218063,165412,11.4
7280,737,1,77,98.6,0,39038,6.1,218372,165865,11.4
7290,738,1,77,98.6,0,38205,5.5,218782,166228,11.4
7300,739,1,77,98.6,0,37391,5.5,219112,166781,11.4
7310,740,1,77,98.6,0,36581,5.5,219522,167331,11.4
7320,741,1,77,98.6,0,35751,5.5,219872,167797,11.4
7330,742,1,77,98.6,0,34879,5.5,220269,168339,11.4
7340,743,1,77,98.6,0,33953,5.5,220619,168775,11.4
7350,744,1,77,98.6,0,32966,5.5,220989,169322,11.4
7360,745,1,77,98.6,0,31907,5.5,221344,169805,11.4
7370,746,1,77,98.6,0,30793,5.5,221715,170339,11.4
7380,747,1,77,98.6,0,29600,5.5,222092,170798,11.4
7390,748,1,77,98.6,0,28358,5.5,222431,171172,11.4
7400,749,1,77,98.6,0,27060,5.5,222781,171762,11.4
7410,750,1,77,98.6,0,25725,5.5,223095,172207,11.4
7420,751,1,77,98.6,0,24363,5.5,223379,172603,11.4
7430,752,1,77,98.6,0,22986,5.5,223691,172943,11.4
7440,753,1,77,98.6,0,21607,5.5,223958,173372,11.4
7450,754,1,77,98.6,0,20248,5.5,224214,173729,11.4
7460,755,1,77,98.6,0,18917,5.5,224475,174091,11.4
7470,756,1,77,98.6,0,17630,5.5,224691,174399,11.4
7480,757,1,77,98.6,0,16389,5.5,224935,174695,11.4
7490,758,1,77,98.6,0,15222,5.5,225124,175029,11.4
7500,759,1,77,98.6,0,14119,5.5,225334,175293,11.4
7510,760,1,77,98.6,0,13090,5.5,225528,175549,11.4
7520,761,1,77,98.6,0,12137,5.5,225759,175832,11.4
7530,762,1,77,98.6,0,11260,5.5,225961,176108,11.4
7540,763,1,77,98.6,0,10464,5.5,226132,176399,11.4
7550,764,1,77,98.6,0,9751,5.5,226315,176639,11.4
7560,765,1,77,98.6,0,9101,5.5,226531,176947,11.4
7570,766,1,77,98.6,0,8522,5.5,226716,177195,11.4
7580,767,1,77,98.6,0,7996,5.5,226874,177436,11.4
7590,768,1,77,98.6,0,7523,5.5,227080,177703,11.4
7600,769,1,77,98.6,0,7091,5.5,227275,177904,11.4
7610,770,1,77,98.6,0,6694,5.5,227418,178092,11.4
7620,771,1,77,98.6,0,6333,5.5,227364,178063,11.4
7630,772,1,77,98.6,0,5990,5.5,227175,177763,11.4
7640,773,1,77,98.6,0,5688,5.5,226375,176527,11.4
7650,774,1,77,98.6,0,5428,5.5,224680,174087,11.4
7660,775,1,77,98.6,0,5273,5.5,222384,171017,11.4
7670,776,1,77,98.6,0,5292,5.5,220175,168096,11.4
7680,777,1,77,98.6,0,5597,5.5,218416,165771,11.4
7690,778,1,77,98.6,0,6298,5.5,217151,164056,11.4
7700,779,1,77,98.6,0,7517,5.5,216193,162783,11.4
7710,780,1,77,98.6,0,9335,5.5,215471,161784,11.4
7720,781,1,77,98.6,0,11794,5.5,214849,160959,11.4
7730,782,1,77,98.6,0,14889,5.5,214387,160322,11.4
7740,783,1,77,98.6,0,18576,5.5,213947,159759,11.4
7750,784,1,77,98.6,0,22760,5.5,213641,159331,11.4
7760,785,1,77,98.6,0,27321,5.5,213280,158905,11.4
7770,786,1,77,98.6,0,32114,5.5,212964,158511,11.4
7780,787,1,77,98.6,0,36990,5.5,212735,158148,11.4
7790,788,1,77,98.6,0,41791,5.5,212480,157832,11.4
7800,789,1,77,98.6,0,46378,5.5,212228,157574,11.4
7810,790,1,77,98.6,0,50615,5.5,212119,157347,11.4
7820,791,1,77,98.6,0,54410,5.5,211954,157258,11.4
7830,792,1,77,98.6,0,57695,5.5,212036,157221,11.4
7840,793,1,77,98.6,0,60427,5.5,212040,157300,11.4
7850,794,1,77,98.6,0,62258,5.5,212193,157540,11.4
7860,795,1,77,98.6,0,62258,5.5,212442,157886,11.4
7870,796,1,77,98.6,0,62258,5.5,212741,158359,11.4
7880,797,1,77,98.6,0,62258,5.5,213198,158839,11.4
7890,798,1,77,98.6,0,62258,5.5,213540,159382,11.4
7900,799,1,77,98.6,8,62011,5.5,213971,159893,11.4
7910,800,1,77,98.6,0,61440,5.5,214303,160292,11.4
7920,801,1,77,98.6,0,60598,5.5,214545,160657,11.4
7930,802,1,77,98.6,0,59516,5.5,214782,160982,11.4
7940,803,1,77,98.6,0,58246,5.5,214954,161207,11.4
7950,804,1,77,98.6,0,56836,5.5,215126,161419,11.4
7960,805,1,77,98.6,0,55338,5.5,215202,161602,11.4
7970,806,1,77,98.6,0,53788,5.5,215401,161754,11.4
7980,807,1,77,98.6,0,52229,5.5,215489,161969,11.4
7990,808,1,77,98.6,0,50695,5.5,215631,162140,11.4
8000,809,1,77,98.6,0,49224,5.5,215800,162362,11.4
8010,810,1,77,98.6,0,47830,5.5,215978,162585,11.4
8020,811,1,77,98.6,0,46542,5.5,216138,162878,11.4
8030,812,1,77,98.6,0,45357,5.5,216370,163160,11.4
8040,813,1,77,98.6,0,44286,5.5,216626,163489,11.4
8050,814,1,77,98.6,0,43315,5.5,216900,163864,11.4
8060,815,1,77,98.6,0,42443,5.5,217195,164260,11.4
8070,816,1,77,98.6,0,41648,5.5,217492,164648,11.4
8080,817,1,77,98.6,0,40905,5.5,217769,165073,11.4
8090,818,1,77,98.6,0,40203,5.5,218098,165509,11.4
8100,819,1,77,98.6,0,39504,5.5,218464,165942,11.4
8110,820,1,77,98.6,0,38803,5.5,218782,166432,11.4
8120,821,1,77,98.6,0,38079,5.5,219113,166863,11.4
8130,822,1,77,98.6,0,37305,5.5,219514,167393,11.4
8140,823,1,77,98.6,0,36480,5.5,219822,167852,11.4
8150,824,1,77,98.6,0,35593,5.5,220210,168344,11.4
8160,825,1,77,98.6,0,34638,5.5,220572,168837,11.4
8170,826,1,77,98.6,0,33610,5.5,220940,169318,11.4
8180,827,1,77,98.6,0,32518,5.5,221315,169819,11.4
8190,828,1,77,98.6,0,31368,5.5,221639,170312,11.4
8200,829,1,77,98.6,0,30159,5.5,221974,170752,11.4
8210,830,1,77,98.6,0,28907,5.5,222290,171206,11.4
8220,831,1,77,98.6,0,27620,5.5,222683,171681,11.4
8230,832,1,77,98.6,0,26317,5.5,223008,172096,11.4
8240,833,1,77,98.6,0,25006,5.5,223300,172514,11.4
8250,834,1,77,98.6,0,23697,5.5,223559,172882,11.4
8260,835,1,77,98.6,0,22407,5.5,223846,173231,11.4
8270,836,1,77,98.6,0,21148,5.5,224052,173598,11.4
8280,837,1,77,98.6,0,19926,5.5,224329,173951,11.4
8290,838,1,77,98.6,0,18751,5.5,224532,174260,11.4
8300,839,1,77,98.6,0,17630,5.5,224809,174581,11.4
8310,840,1,77,98.6,0,16568,5.5,225010,174832,11.4
8320,841,1,77,98.6,0,15578,5.5,225238,175144,11.4
8330,842,1,77,98.6,0,14648,5.5,225372,175471,11.4
8340,843,1,77,98.6,0,13789,5.5,225630,175723,11.4
8350,844,1,77,98.6,0,13002,5.5,225881,175996,11.4
8360,845,1,77,98.6,0,12276,5.5,226033,176291,11.4
8370,846,1,77,98.6,0,11606,5.5,226281,176587,11.4
8380,847,1,77,98.6,0,10996,5.5,226509,176881,11.4
8390,848,1,77,98.6,0,10437,5.5,226646,177112,11.4
8400,849,1,77,98.6,0,9928,5.5,226870,177380,11.4
8410,850,1,77,98.6,0,9446,5.5,226998,177594,11.4
8420,851,1,77,98.6,0,9010,5.5,227188,177758,11.4
8430,852,1,77,98.6,0,8596,5.5,227215,177888,11.4
8440,853,1,77,98.6,0,8210,5.5,227054,177610,11.4
8450,854,1,77,98.6,0,7853,5.5,226541,176736,11.4
8460,855,1,77,98.6,0,7540,5.5,225035,174578,11.4
8470,856,1,77,98.6,0,7310,5.5,222762,171556,11.4
8480,857,1,77,98.6,0,7231,5.5,220439,168470,11.4
8490,858,1,77,98.6,0,7397,5.5,218545,165989,11.4
8500,859,1,77,98.6,0,7923,5.5,217179,164148,11.4
8510,860,1,77,98.6,0,8927,5.5,216131,162747,11.4
8520,861,1,77,98.6,0,10492,5.5,215319,161652,11.4
8530,862,1,77,98.6,0,12673,5.5,214682,160746,11.4
8540,863,1,77,98.6,0,15473,5.5,214136,160049,11.4
8550,864,1,77,98.6,0,18860,5.5,213624,159420,11.4
8560,865,1,77,98.6,0,22754,5.5,213217,158892,11.4
8570,866,1,77,98.6,0,27059,5.5,212897,158427,11.4
8580,867,1,77,98.6,0,31623,5.5,212583,158014,11.4
8590,868,1,77,98.6,0,36311,5.5,212304,157634,11.4
8600,869,1,77,98.6,0,40974,5.5,212065,157334,11.4
8610,870,1,77,98.6,0,45472,5.5,211832,157027,11.4
8620,871,1,77,98.6,0,49672,5.5,211678,156769,11.4
8630,872,1,77,98.6,0,53479,5.5,211508,156602,11.4
8640,873,1,77,98.6,0,56817,5.5,211448,156493,11.4
8650,874,1,77,98.6,0,59639,5.5,211419,156505,11.4
8660,875,1,77,98.6,0,61927,5.5,211510,156647,11.4
8670,876,1,77,98.6,0,62258,5.5,211722,156917,11.4
8680,877,1,77,98.6,0,62258,5.5,211973,157278,11.4
8690,878,1,77,98.6,0,62258,5.5,212353,157777,11.4
8700,879,1,77,98.6,0,62258,5.5,212745,158234,11.4
8710,880,1,77,98.6,0,62148,5.5,213107,158759,11.4
8720,881,1,77,98.6,8,61737,5.5,213413,159176,11.4
8730,882,1,77,98.6,0,61052,5.5,213699,159586,11.4
8740,883,1,77,98.6,0,60142,5.5,214031,159944,11.4
8750,884,1,77,98.6,0,59033,5.5,214221,160217,11.4
8760,885,1,77,98.6,0,57786,5.5,214408,160458,11.4
8770,886,1,77,98.6,0,56429,5.5,214574,160666,11.4
8780,887,1,77,98.6,0,55003,5.5,214694,160883,11.4
8790,888,1,77,98.6,0,53548,5.5,214849,161112,11.4
8800,889,1,77,98.6,0,52093,5.5,214961,161305,11.4
8810,890,1,77,98.6,0,50673,5.5,215189,161520,11.4
8820,891,1,77,98.6,0,49312,5.5,215349,161786,11.4
8830,892,1,77,98.6,0,48017,5.5,215546,162058,11.4
8840,893,1,77,98.6,0,46811,5.5,215765,162358,11.4
8850,894,1,77,98.6,0,45699,5.5,216018,162690,11.4
8860,895,1,77,98.6,0,44672,5.5,216277,163029,11.4
8870,896,1,77,98.6,0,43739,5.5,216542,163348,11.4
8880,897,1,77,98.6,0,42876,5.5,216813,163773,11.4
8890,898,1,77,98.6,0,42072,5.5,217163,164198,11.4
8900,899,1,77,98.6,0,41307,5.5,217462,164677,11.4
8910,900,1,77,98.6,0,40565,5.5,217837,165108,11.4
8920,901,1,77,98.6,0,39822,5.5,218116,165558,11.4
8930,902,1,77,98.6,0,39072,5.5,218493,166024,11.4
8940,903,1,77,98.6,0,38299,5.5,218775,166497,11.4
8950,904,1,77,98.6,0,37477,5.5,219186,167018,11.4
8960,905,1,77,98.6,0,36613,5.5,219541,167507,11.4
8970,906,1,77,98.6,0,35694,5.5,219932,167985,11.4
8980,907,1,77,98.6,0,34715,5.5,220255,168512,11.4
8990,908,1,77,98.6,0,33670,5.5,220623,168999,11.4
9000,909,1,77,98.6,0,32570,5.5,220984,169465,11.4
9010,910,1,77,98.6,0,31419,5.5,221323,169953,11.4
9020,911,1,77,98.6,0,30228,5.5,221672,170407,11.4
9030,912,1,77,98.6,0,29001,5.5,222016,170903,11.4
9040,913,1,77,98.6,0,27755,5.5,222350,171308,11.4
9050,914,1,77,98.6,0,26495,5.5,222651,171733,11.4
9060,915,1,77,98.6,0,25231,5.5,222937,172150,11.4
9070,916,1,77,98.6,0,23975,5.5,223246,172540,11.4
9080,917,1,77,98.6,0,22747,5.5,223493,172885,11.4
9090,918,1,77,98.6,0,21549,5.5,223811,173266,11.4
9100,919,1,77,98.6,0,20385,5.5,224026,173638,11.4
9110,920,1,77,98.6,0,19272,5.5,224268,173929,11.4
9120,921,1,77,98.6,0,18206,5.5,224509,174294,11.4
9130,922,1,77,98.6,0,17196,5.5,224774,174588,11.4
9140,923,1,77,98.6,0,16243,5.5,224962,174868,11.4
9150,924,1,77,98.6,0,15359,5.5,225177,175159,11.4
9160,925,1,77,98.6,0,14532,5.5,225350,175412,11.4
9170,926,1,77,98.6,0,13768,5.5,225587,175731,11.4
9180,927,1,77,98.6,0,13062,5.5,225823,176025,11.4
9190,928,1,77,98.6,0,12415,5.5,226024,176277,11.4
9200,929,1,77,98.6,0,11815,5.5,226202,176565,11.4
9210,930,1,77,98.6,0,11263,5.5,226425,176820,11.4
9220,931,1,77,98.6,0,10754,5.5,226631,177129,11.4
9230,932,1,77,98.6,0,10287,5.5,226815,177364,11.4
9240,933,1,77,98.6,0,9847,5.5,226966,177587,11.4
9250,934,1,77,98.6,0,9434,5.5,227075,177711,11.4
9260,935,1,77,98.6,0,9053,5.5,227011,177661,11.4
9270,936,1,77,98.6,0,8699,5.5,226712,177195,11.4
9280,937,1,77,98.6,0,8377,5.5,225678,175607,11.4
9290,938,1,77,98.6,0,8108,5.5,223699,172855,11.4
9300,939,1,77,98.6,0,7946,5.5,221380,169738,11.4
9310,940,1,77,98.6,0,7975,5.5,219260,166956,11.4
9320,941,1,77,98.6,0,8308,5.5,217670,164846,11.4
9330,942,1,77,98.6,0,9044,5.5,216537,163272,11.4
9340,943,1,77,98.6,0,10285,5.5,215627,162061,11.4
9350,944,1,77,98.6,0,12090,5.5,214917,161114,11.4
9360,945,1,77,98.6,0,14496,5.5,214343,160360,11.4
9370,946,1,77,98.6,0,17474,5.5,213846,159711,11.4
9380,947,1,77,98.6,0,20973,5.5,213421,159190,11.4
9390,948,1,77,98.6,0,24906,5.5,213062,158716,11.4
9400,949,1,77,98.6,0,29154,5.5,212788,158286,11.4
9410,950,1,77,98.6,0,33583,5.5,212482,157906,11.4
9420,951,1,77,98.6,0,38050,5.5,212237,157582,11.4
9430,952,1,77,98.6,0,42405,5.5,212009,157293,11.4
9440,953,1,77,98.6,0,46536,5.5,211789,157042,11.4
9450,954,1,77,98.6,0,50326,5.5,211686,156901,11.4
9460,955,1,76,98.6,0,53697,5.5,211578,156774,11.5
9470,956,1,76,98.6,0,56581,5.5,211595,156733,11.5
9480,957,1,76,98.6,0,58955,5.5,211563,156796,11.5
9490,958,1,76,98.6,0,60807,5.5,211761,157044,11.5
9500,959,1,76,98.6,0,62159,5.5,212040,157363,11.5
9510,960,1,76,98.6,0,62258,5.5,212377,157839,11.5
9520,961,1,76,98.6,0,62258,5.5,212749,158351,11.5
9530,962,1,76,98.6,0,62247,5.5,213143,158897,11.5
9540,963,1,76,98.6,8,61926,5.5,213524,159393,11.5
9550,964,1,76,98.6,0,61305,5.5,213864,159828,11.5
9560,965,1,76,98.6,0,60416,5.5,214144,160211,11.5
9570,966,1,76,98.6,0,59316,5.5,214409,160577,11.5
9580,967,1,76,98.6,0,58051,5.5,214624,160845,11.5
9590,968,1,76,98.6,0,56658,5.5,214840,161109,11.5
9600,969,1,76,98.6,0,55172,5.5,215000,161343,11.5
9610,970,1,76,98.6,0,53636,5.5,215188,161580,11.5
9620,971,1,76,98.6,0,52089,5.5,215340,161796,11.5
9630,972,1,76,98.6,0,50558,5.5,215514,162039,11.5
9640,973,1,76,98.6,0,49078,5.5,215724,162284,11.5
9650,974,1,76,98.6,0,47665,5.5,215874,162547,11.5
9660,975,1,76,98.6,0,46334,5.5,216129,162819,11.5
9670,976,1,76,98.6,0,45100,5.5,216363,163140,11.5
9680,977,1,76,98.6,0,43959,5.5,216596,163498,11.5
9690,978,1,76,98.6,0,42915,5.5,216927,163907,11.5
9700,979,1,76,98.6,0,41958,5.5,217188,164283,11.5
9710,980,1,76,98.6,0,41073,5.5,217501,164721,11.5
9720,981,1,76,98.6,0,40238,5.5,217821,165141,11.5
9730,982,1,76,98.6,0,39443,5.5,218145,165611,11.5
9740,983,1,76,98.6,0,38657,5.5,218509,166061,11.5
9750,984,1,76,98.6,0,37873,5.5,218860,166559,11.5
9760,985,1,76,98.6,0,37072,5.5,219222,167090,11.5
9770,986,1,76,98.6,0,36236,5.5,219591,167597,11.5
9780,987,1,76,98.6,0,35360,5.5,220002,168077,11.5
9790,988,1,76,98.6,0,34423,5.5,220289,168593,11.5
9800,989,1,76,98.6,0,33423,5.5,220741,169103,11.5
9810,990,1,76,98.6,0,32361,5.5,221088,169634,11.5
9820,991,1,76,98.6,0,31236,5.5,221396,170104,11.5
9830,992,1,76,98.6,0,30058,5.5,221840,170597,11.5
9840,993,1,76,98.6,0,28828,5.5,222184,171044,11.5
9850,994,1,76,98.6,0,27557,5.5,222514,171505,11.5
9860,995,1,76,98.6,0,26260,5.5,222833,171938,11.5
9870,996,1,76,98.6,0,24955,5.5,223142,172339,11.5
9880,997,1,76,98.6,0,23635,5.5,223428,172764,11.5
9890,998,1,76,98.6,0,22330,5.5,223704,173134,11.5
9900,999,1,76,98.6,0,21043,5.5,223983,173507,11.5
9910,1000,1,76,98.6,0,19793,5.5,224211,173844,11.5
9920,1001,1,76,98.6,0,18589,5.5,224454,174163,11.5
9930,1002,1,76,98.6,0,17439,5.5,224684,174491,11.5
9940,1003,1,76,98.6,0,16353,5.5,224895,174796,11.5
9950,1004,1,76,98.6,0,15332,5.5,225097,175094,11.5
9960,1005,1,76,98.6,0,14376,5.5,225352,175385,11.5
9970,1006,1,76,98.6,0,13490,5.5,225541,175686,11.5
9980,1007,1,76,98.6,0,12675,5.5,225759,175951,11.5
9990,1008,1,76,98.6,0,11931,5.5,225927,176204,11.5
10000,1009,1,76,98.6,0,11253,5.5,226156,176526,11.5
10010,1010,1,76,98.6,0,10630,5.5,226287,176750,11.5
10020,1011,1,76,98.6,0,10073,5.5,226500,176986,11.5
10030,1012,1,76,98.6,0,9559,5.5,226660,177258,11.5
10040,1013,1,76,98.6,0,9090,5.5,226938,177568,11.5
10050,1014,1,76,98.6,0,8660,5.5,227080,177821,11.5
10060,1015,1,76,98.6,0,8257,5.5,227321,178087,11.5
10070,1016,1,76,98.6,0,7888,5.5,227483,178317,11.5
10080,1017,1,76,98.6,0,7540,5.5,227634,178567,11.5
10090,1018,1,76,98.6,0,7210,5.5,227751,178722,11.5
10100,1019,1,76,98.6,0,6891,5.5,227830,178784,11.5
10110,1020,1,76,98.6,0,6583,5.5,227709,178623,11.5
10120,1021,1,76,98.6,0,6303,5.5,227225,177833,11.5
10130,1022,1,76,98.6,0,6051,5.5,225804,175756,11.5
10140,1023,1,76,98.6,0,5871,5.5,223631,172770,11.5
10150,1024,1,76,98.6,0,5822,5.5,221256,169621,11.5
10160,1025,1,76,98.6,0,6010,5.5,219281,167010,11.5
10170,1026,1,76,98.6,0,6537,5.5,217872,165076,11.5
10180,1027,1,76,98.6,0,7519,5.5,216853,163729,11.5
10190,1028,1,76,98.6,0,9054,5.5,216056,162638,11.5
10200,1029,1,76,98.6,0,11192,5.5,215477,161840,11.5
10210,1030,1,76,98.6,0,13945,5.5,215021,161215,11.5
10220,1031,1,76,98.6,0,17282,5.5,214596,160659,11.5
10230,1032,1,76,98.6,0,21123,5.5,214310,160198,11.5
10240,1033,1,76,98.6,0,25358,5.5,213967,159811,11.5
10250,1034,1,76,98.6,0,29852,5.5,213674,159473,11.5
10260,1035,1,76,98.6,0,34463,5.5,213469,159175,11.5
10270,1036,1,76,98.6,0,39039,5.5,213271,158891,11.5
10280,1037,1,76,98.6,0,43437,5.5,213118,158697,11.5
10290,1038,1,76,98.6,0,47532,5.5,212979,158513,11.5
10300,1039,1,76,98.6,0,51224,5.5,212878,158407,11.5
10310,1040,1,76,98.6,0,54438,5.5,212836,158340,11.5
10320,1041,1,76,98.6,0,57122,5.5,212891,158447,11.5
10330,1042,1,76,98.6,0,59262,5.5,213019,158595,11.5
10340,1043,1,76,98.6,0,60854,5.5,213265,158930,11.5
10350,1044,1,76,98.6,0,61926,5.5,213614,159352,11.5
10360,1045,1,76,98.6,0,62258,5.5,213898,159887,11.5
10370,1046,1,76,98.6,0,62252,5.5,214311,160425,11.5
10380,1047,1,76,98.6,8,61994,5.5,214762,160934,11.5
10390,1048,1,76,98.6,0,61396,5.5,215106,161375,11.5
10400,1049,1,76,98.6,0,60502,5.5,215391,161755,11.5
10410,1050,1,76,98.6,0,59363,5.5,215673,162093,11.5
10420,1051,1,76,98.6,0,58021,5.5,215848,162424,11.5
10430,1052,1,76,98.6,0,56544,5.5,216033,162651,11.5
10440,1053,1,76,98.6,0,54958,5.5,216189,162857,11.5
10450,1054,1,76,98.6,0,53323,5.5,216352,163055,11.5
10460,1055,1,76,98.6,0,51677,5.5,216468,163221,11.5
10470,1056,1,76,98.6,0,50053,5.5,216614,163412,11.5
10480,1057,1,76,98.6,0,48494,5.5,216748,163627,11.5
10490,1058,1,76,98.6,0,47017,5.5,216900,163851,11.5
10500,1059,1,76,98.6,0,45643,5.5,217099,164096,11.5
10510,1060,1,76,98.6,0,44383,5.5,217348,164401,11.5
10520,1061,1,76,98.6,0,43238,5.5,217547,164714,11.5
10530,1062,1,76,98.6,0,42213,5.5,217762,165015,11.5
10540,1063,1,76,98.6,0,41280,5.5,218028,165399,11.5
10550,1064,1,76,98.6,0,40435,5.5,218330,165761,11.5
10560,1065,1,76,98.6,0,39665,5.5,218601,166122,11.5
10570,1066,1,76,98.6,0,38938,5.5,218885,166601,11.5
10580,1067,1,76,98.6,0,38231,5.5,219222,167002,11.5
10590,1068,1,76,98.6,0,37534,5.5,219549,167474,11.5
10600,1069,1,76,98.6,0,36817,5.7,219911,167918,11.5
10610,1070,1,76,98.6,0,36064,5.7,220270,168382,11.5
10620,1071,1,76,98.6,0,35264,5.7,220577,168816,11.5
10630,1072,1,76,98.6,0,34410,5.7,220932,169299,11.5
10640,1073,1,76,98.6,0,33486,5.7,221283,169774,11.5
10650,1074,1,76,98.6,0,32495,5.7,221566,170237,11.5
10660,1075,1,76,98.6,0,31432,5.7,221910,170699,11.5
10670,1076,1,76,98.6,0,30308,5.7,222275,171156,11.5
10680,1077,1,76,98.6,0,29130,5.7,222615,171614,11.5
10690,1078,1,76,98.6,0,27902,5.7,222962,172034,11.5
10700,1079,1,76,98.6,0,26635,5.7,223288,172493,11.5
10710,1080,1,76,98.6,0,25349,5.7,223502,172845,11.5
10720,1081,1,76,98.6,0,24059,5.7,223847,173237,11.5
10730,1082,1,76,98.6,0,22766,5.7,224105,173609,11.5
10740,1083,1,76,98.6,0,21489,5.7,224303,173928,11.5
10750,1084,1,76,98.6,0,20238,5.7,224555,174288,11.5
10760,1085,1,76,98.6,0,19031,5.7,224827,174605,11.5
10770,1086,1,76,98.6,0,17869,5.7,225017,174897,11.5
10780,1087,1,76,98.6,0,16769,5.7,225189,175192,11.5
10790,1088,1,76,98.6,0,15727,5.7,225369,175496,11.5
10800,1089,1,76,98.6,0,14753,5.7,225694,175768,11.5
10810,1090,1,76,98.6,0,13842,5.7,225883,176059,11.5
10820,1091,1,76,98.6,0,13001,5.7,226050,176299,11.5
10830,1092,1,76,98.6,0,12230,5.7,226241,176598,11.5
10840,1093,1,76,98.6,0,11522,5.7,226450,176880,11.5
10850,1094,1,76,98.6,0,10873,5.7,226660,177141,11.5
10860,1095,1,76,98.6,0,10281,5.7,226847,177394,11.5
10870,1096,1,76,98.6,0,9743,5.7,227058,177640,11.5
10880,1097,1,76,98.6,0,9245,5.7,227191,177912,11.5
10890,1098,1,76,98.6,0,8783,5.7,227415,178148,11.5
10900,1099,1,76,98.6,0,8344,5.7,227563,178385,11.5
10910,1100,1,76,98.6,0,7941,5.7,227663,178549,11.5
10920,1101,1,76,98.6,0,7561,5.7,227612,178485,11.5
10930,1102,1,76,98.6,0,7205,5.7,227425,178159,11.5
10940,1103,1,76,98.6,0,6873,5.7,226584,176847,11.5
10950,1104,1,76,98.6,0,6605,5.7,224819,174322,11.5
10960,1105,1,76,98.6,0,6424,5.7,222455,171161,11.5
10970,1106,1,76,98.6,0,6431,5.7,220268,168212,11.5
10980,1107,1,76,98.6,0,6733,5.7,218515,165912,11.5
10990,1108,1,76,98.6,0,7455,5.7,217279,164227,11.5
11000,1109,1,76,98.6,0,8700,5.7,216315,162978,11.5
11010,1110,1,76,98.6,0,10555,5.7,215590,161971,11.5
11020,1111,1,76,98.6,0,13069,5.7,215031,161211,11.5
11030,1112,1,76,98.6,0,16219,5.7,214561,160559,11.5
11040,1113,1,76,98.6,0,19967,5.7,214139,159994,11.5
11050,1114,1,76,98.6,0,24212,5.7,213779,159499,11.5
11060,1115,1,76,98.6,0,28820,5.7,213401,159081,11.5
11070,1116,1,76,98.6,0,33654,5.7,213156,158715,11.5
11080,1117,1,76,98.6,0,38565,5.7,212915,158377,11.5
11090,1118,1,76,98.6,0,43376,5.7,212703,158087,11.5
11100,1119,1,76,98.6,0,47960,5.7,212492,157814,11.5
11110,1120,1,76,98.6,0,52192,5.7,212334,157602,11.5
11120,1121,1,76,98.6,0,55965,5.7,212253,157490,11.5
11130,1122,1,76,98.6,0,59220,5.7,212141,157390,11.5
11140,1123,1,76,98.6,0,61917,5.7,212150,157426,11.5
11150,1124,1,76,98.6,0,62258,5.7,212299,157593,11.5
11160,1125,1,76,98.6,0,62258,5.7,212557,157942,11.5
11170,1126,1,76,98.6,0,62258,5.7,212818,158316,11.5
11180,1127,1,76,98.6,0,62258,5.7,213156,158793,11.5
11190,1128,1,76,98.6,0,62197,5.7,213577,159292,11.5
11200,1129,1,76,98.6,8,61951,5.7,213950,159807,11.5
11210,1130,1,76,98.6,0,61409,5.7,214281,160219,11.5
11220,1131,1,76,98.6,0,60616,5.7,214582,160594,11.5
11230,1132,1,76,98.6,0,59619,5.7,214853,160933,11.5
11240,1133,1,76,98.6,0,58447,5.7,215000,161188,11.5
11250,1134,1,76,98.6,0,57146,5.7,215118,161422,11.5
11260,1135,1,76,98.6,0,55760,5.7,215356,161646,11.5
11270,1136,1,76,98.6,0,54320,5.7,215454,161805,11.5
11280,1137,1,76,98.6,0,52865,5.7,215612,162020,11.5
11290,1138,1,76,98.6,0,51430,5.7,215791,162255,11.5
11300,1139,1,76,98.6,0,50035,5.7,215918,162435,11.5
11310,1140,1,76,98.6,0,48711,5.7,216148,162675,11.5
11320,1141,1,76,98.6,0,47466,5.7,216258,162944,11.5
11330,1142,1,76,98.6,0,46311,5.7,216457,163267,11.5
11340,1143,1,76,98.6,0,45251,5.7,216789,163609,11.5
11350,1144,1,76,98.6,0,44275,5.7,217052,163914,11.5
11360,1145,1,76,98.6,0,43385,5.7,217340,164304,11.5
11370,1146,1,76,98.6,0,42564,5.7,217623,164730,11.5
11380,1147,1,76,98.6,0,41792,5.7,217912,165103,11.5
11390,1148,1,76,98.6,0,41059,5.7,218187,165511,11.5
11400,1149,1,76,98.6,0,40340,5.7,218539,166045,11.5
11410,1150,1,76,98.6,0,39619,5.7,218920,166522,11.5
11420,1151,1,76,98.6,0,38876,5.7,219256,166987,11.5
11430,1152,1,76,98.6,0,38100,5.7,219613,167466,11.5
11440,1153,1,76,98.6,0,37285,5.7,219982,167935,11.5
11450,1154,1,76,98.6,0,36411,5.7,220303,168479,11.5
11460,1155,1,75,98.6,0,35473,5.7,220642,168914,12.0
11470,1156,1,75,98.6,0,34474,5.7,220966,169426,12.0
11480,1157,1,75,98.6,0,33410,5.7,221395,169916,12.0
11490,1158,1,75,98.6,0,32289,5.7,221746,170374,12.0
11500,1159,1,75,98.6,0,31128,5.7,222055,170857,12.0
11510,1160,1,75,98.6,0,29921,5.7,222392,171299,12.0
11520,1161,1,75,98.6,0,28678,5.7,222708,171732,12.0
11530,1162,1,75,98.6,0,27421,5.7,223011,172144,12.0
11540,1163,1,75,98.6,0,26156,5.7,223337,172558,12.0
11550,1164,1,75,98.6,0,24902,5.7,223577,172937,12.0
11560,1165,1,75,98.6,0,23662,5.7,223867,173317,12.0
11570,1166,1,75,98.6,0,22451,5.7,224146,173689,12.0
11580,1167,1,75,98.6,0,21274,5.7,224373,174016,12.0
11590,1168,1,75,98.6,0,20137,5.7,224573,174331,12.0
11600,1169,1,75,98.6,0,19057,5.7,224875,174649,12.0
11610,1170,1,75,98.6,0,18034,5.7,225051,174943,12.0
11620,1171,1,75,98.6,0,17079,5.7,225301,175253,12.0
11630,1172,1,75,98.6,0,16181,5.7,225419,175511,12.0
11640,1173,1,75,98.6,0,15346,5.7,225657,175800,12.0
11650,1174,1,75,98.6,0,14574,5.7,225897,176117,12.0
11660,1175,1,75,98.6,0,13866,5.7,226142,176380,12.0
11670,1176,1,75,98.6,0,13215,5.7,226286,176578,12.0
11680,1177,1,75,98.6,0,12613,5.7,226452,176818,12.0
11690,1178,1,75,98.6,0,12069,5.7,226647,177105,12.0
11700,1179,1,75,98.6,0,11568,5.7,226938,177431,12.0
11710,1180,1,75,98.6,0,11099,5.7,227050,177687,12.0
11720,1181,1,75,98.6,0,10662,5.7,227319,177914,12.0
11730,1182,1,75,98.6,0,10257,5.7,227392,178169,12.0
11740,1183,1,75,98.6,0,9885,5.7,227615,178434,12.0
11750,1184,1,75,98.6,0,9523,5.7,227778,178647,12.0
11760,1185,1,75,98.6,0,9178,5.7,227953,178880,12.0
11770,1186,1,75,98.6,0,8848,5.7,228044,179005,12.0
11780,1187,1,75,98.6,0,8530,5.7,227927,178888,12.0
11790,1188,1,75,98.6,0,8228,5.7,227656,178381,12.0
11800,1189,1,75,98.6,0,7953,5.7,226551,176669,12.0
11810,1190,1,75,98.6,0,7732,5.7,224564,173872,12.0
11820,1191,1,75,98.6,0,7623,5.7,222134,170637,12.0
11830,1192,1,75,98.6,0,7706,5.7,219991,167841,12.0
11840,1193,1,75,98.6,0,8084,5.7,218420,165702,12.0
11850,1194,1,75,98.6,0,8888,5.7,217221,164118,12.0
11860,1195,1,75,98.6,0,10199,5.7,216429,162990,12.0
11870,1196,1,75,98.6,0,12099,5.7,215776,162095,12.0
11880,1197,1,75,98.6,0,14608,5.7,215173,161361,12.0
11890,1198,1,75,98.6,0,17703,5.7,214691,160660,12.0
11900,1199,1,75,98.6,0,21322,5.7,214286,160090,12.0
11910,1200,1,75,98.6,0,25366,5.7,213939,159654,12.0
11920,1201,1,75,98.6,0,29718,5.7,213668,159299,12.0
11930,1202,1,75,98.6,0,34241,5.7,213422,158984,12.0
11940,1203,1,75,98.6,0,38790,5.7,213190,158671,12.0
11950,1204,1,75,98.6,0,43216,5.7,212969,158357,12.0
11960,1205,1,75,98.6,0,47385,5.7,212729,158131,12.0
11970,1206,1,75,98.6,0,51204,5.7,212616,157896,12.0
11980,1207,1,75,98.6,0,54574,5.7,212461,157762,12.0
11990,1208,1,75,98.6,0,57449,5.7,212466,157717,12.0
12000,1209,1,75,98.6,0,59795,5.7,212475,157799,12.0
12010,1210,1,75,98.6,0,61616,5.7,212641,157989,12.0
12020,1211,1,75,98.6,0,62258,5.7,212847,158331,12.0
12030,1212,1,75,98.6,0,62258,5.7,213177,158763,12.0
12040,1213,1,75,98.6,0,62258,5.7,213541,159259,12.0
12050,1214,1,75,98.6,0,62202,5.7,213895,159712,12.0
12060,1215,1,75,98.6,8,61861,5.7,214248,160205,12.0
12070,1216,1,75,98.6,0,61235,5.7,214588,160636,12.0
12080,1217,1,75,98.6,0,60371,5.7,214946,161032,12.0
12090,1218,1,75,98.6,0,59310,5.7,215194,161401,12.0
12100,1219,1,75,98.6,0,58093,5.7,215391,161674,12.0
12110,1220,1,75,98.6,0,56759,5.7,215578,161950,12.0
12120,1221,1,75,98.6,0,55340,5.7,215754,162167,12.0
12130,1222,1,75,98.6,0,53876,5.7,215935,162375,12.0
12140,1223,1,75,98.6,0,52397,5.7,216021,162527,12.0
12150,1224,1,75,98.6,0,50938,5.7,216143,162711,12.0
12160,1225,1,75,98.6,0,49525,5.7,216383,162987,12.0
12170,1226,1,75,98.6,0,48182,5.7,216604,163285,12.0
12180,1227,1,75,98.6,0,46920,5.7,216818,163564,12.0
12190,1228,1,75,98.6,0,45744,5.7,216962,163808,12.0
12200,1229,1,75,98.6,0,44659,5.7,217218,164159,12.0
12210,1230,1,75,98.6,0,43670,5.7,217489,164496,12.0
12220,1231,1,75,98.6,0,42751,5.7,217776,164925,12.0
12230,1232,1,75,98.6,0,41903,5.7,218094,165341,12.0
12240,1233,1,75,98.6,0,41099,5.7,218457,165809,12.0
12250,1234,1,75,98.6,0,40330,5.7,218761,166233,12.0
12260,1235,1,75,98.6,0,39579,5.7,218978,166664,12.0
12270,1236,1,75,98.6,0,38826,5.7,219383,167104,12.0
12280,1237,1,75,98.6,0,38056,5.7,219712,167584,12.0
12290,1238,1,75,98.6,0,37252,5.7,220031,168071,12.0
12300,1239,1,75,98.6,0,36399,5.7,220488,168578,12.0
12310,1240,1,75,98.6,0,35496,5.7,220856,169106,12.0
12320,1241,1,75,98.6,0,34532,5.7,221225,169551,12.0
12330,1242,1,75,98.6,0,33507,5.7,221569,170079,12.0
12340,1243,1,75,98.6,0,32431,5.7,221917,170536,12.0
12350,1244,1,75,98.6,0,31297,5.7,222316,171072,12.0
12360,1245,1,75,98.6,0,30118,5.7,222648,171506,12.0
12370,1246,1,75,98.6,0,28897,5.7,222983,171979,12.0
12380,1247,1,75,98.6,0,27652,5.7,223296,172412,12.0
12390,1248,1,75,98.6,0,26381,5.7,223575,172837,12.0
12400,1249,1,75,98.6,0,25113,5.7,223809,173244,12.0
12410,1250,1,75,98.6,0,23847,5.7,224169,173611,12.0
12420,1251,1,75,98.6,0,22594,5.7,224412,173922,12.0
12430,1252,1,75,98.6,0,21371,5.7,224667,174312,12.0
12440,1253,1,75,98.6,0,20183,5.7,224879,174635,12.0
12450,1254,1,75,98.6,0,19042,5.7,225140,174990,12.0
12460,1255,1,75,98.6,0,17958,5.7,225379,175275,12.0
12470,1256,1,75,98.6,0,16932,5.7,225585,175560,12.0
12480,1257,1,75,98.6,0,15975,5.7,225782,175851,12.0
12490,1258,1,75,98.6,0,15082,5.7,225998,176173,12.0
12500,1259,1,75,98.6,0,14253,5.7,226062,176399,12.0
12510,1260,1,75,98.6,0,13488,5.7,226398,176686,12.0
12520,1261,1,75,98.6,0,12792,5.7,226605,176942,12.0
12530,1262,1,75,98.6,0,12156,5.7,226768,177217,12.0
12540,1263,1,75,98.6,0,11579,5.7,226982,177475,12.0
12550,1264,1,75,98.6,0,11051,5.7,227130,177708,12.0
12560,1265,1,75,98.6,0,10566,5.7,227356,177987,12.0
12570,1266,1,75,98.6,0,10125,5.7,227509,178208,12.0
12580,1267,1,75,98.6,0,9716,5.7,227713,178461,12.0
12590,1268,1,75,98.6,0,9334,5.7,227835,178708,12.0
12600,1269,1,75,98.6,0,8979,5.7,227929,178944,12.0
12610,1270,1,75,98.6,0,8646,5.7,228208,179208,12.0
12620,1271,1,75,98.6,0,8330,5.7,228362,179416,12.0
12630,1272,1,75,98.6,0,8031,5.7,228559,179625,12.0
12640,1273,1,75,98.6,0,7742,5.7,228680,179829,12.0
12650,1274,1,75,98.6,0,7459,5.7,228788,179908,12.0
12660,1275,1,75,98.6,0,7187,5.7,228740,179905,12.0
12670,1276,1,75,98.6,0,6937,5.7,228481,179469,12.0
12680,1277,1,75,98.6,0,6709,5.7,227589,178056,12.0
12690,1278,1,75,98.6,0,6525,5.7,225749,175445,12.0
12700,1279,1,75,98.6,0,6433,5.7,223395,172264,12.0
12710,1280,1,75,98.6,0,6530,5.7,221189,169358,12.0
12720,1281,1,75,98.6,0,6903,5.7,219499,167140,12.0
12730,1282,1,75,98.6,0,7664,5.7,218293,165482,12.0
12740,1283,1,75,98.6,0,8929,5.7,217445,164272,12.0
12750,1284,1,75,98.6,0,10771,5.7,216701,163298,12.0
12760,1285,1,75,98.6,0,13214,5.7,216188,162560,12.0
12770,1286,1,75,98.6,0,16249,5.7,215665,161955,12.0
12780,1287,1,75,98.6,0,19823,5.7,215337,161438,12.0
12790,1288,1,75,98.6,0,23838,5.7,215055,160989,12.0
12800,1289,1,75,98.6,0,28178,5.7,214740,160576,12.0
12810,1290,1,75,98.6,0,32701,5.7,214476,160256,12.0
12820,1291,1,75,98.6,0,37274,5.7,214239,159971,12.0
12830,1292,1,75,98.6,0,41745,5.7,214076,159749,12.0
12840,1293,1,75,98.6,0,45978,5.7,213917,159578,12.0
12850,1294,1,75,98.6,0,49860,5.7,213803,159348,12.0
12860,1295,1,75,98.6,0,53304,5.7,213712,159291,12.0
12870,1296,1,75,98.6,0,56248,5.7,213677,159270,12.0
12880,1297,1,75,98.6,0,58656,5.7,213766,159352,12.0
12890,1298,1,75,98.6,0,60524,5.7,213882,159521,12.0
12900,1299,1,75,98.6,0,61866,5.7,214161,159927,12.0
12910,1300,1,75,98.6,0,62258,5.7,214499,160318,12.0
12920,1301,1,75,98.6,0,62258,5.7,214839,160814,12.0
12930,1302,1,75,98.6,0,62141,5.7,215166,161261,12.0
12940,1303,1,75,98.6,8,61757,5.7,215529,161757,12.0
12950,1304,1,75,98.6,0,61072,5.7,215807,162127,12.0
12960,1305,1,75,98.6,0,60137,5.7,216102,162458,12.0
12970,1306,1,75,98.6,0,58995,5.7,216283,162776,12.0
12980,1307,1,75,98.6,0,57696,5.7,216428,162956,12.0
12990,1308,1,75,98.6,0,56280,5.7,216574,163128,12.0
13000,1309,1,75,98.6,0,54797,5.7,216647,163274,12.0
13010,1310,1,75,98.6,0,53292,5.7,216755,163420,12.0
13020,1311,1,75,98.6,0,51793,5.7,216871,163539,12.0
13030,1312,1,75,98.6,0,50337,5.7,216982,163716,12.0
13040,1313,1,75,98.6,0,48954,5.7,217111,163879,12.0
13050,1314,1,75,98.6,0,47662,5.7,217259,164087,12.0
13060,1315,1,75,98.6,0,46476,5.7,217369,164311,12.0
13070,1316,1,75,98.6,0,45401,5.7,217607,164549,12.0
13080,1317,1,75,98.6,0,44442,5.7,217825,164870,12.0
13090,1318,1,75,98.6,0,43584,5.7,218017,165166,12.0
13100,1319,1,75,98.6,0,42817,5.7,218301,165534,12.0
13110,1320,1,75,98.6,0,42128,5.7,218567,165881,12.0
13120,1321,1,75,98.6,0,41498,5.7,218863,166262,12.0
13130,1322,1,75,98.6,0,40899,5.7,219155,166662,12.0
13140,1323,1,75,98.6,0,40303,5.7,219447,167103,12.0
13150,1324,1,75,98.6,0,39696,5.7,219750,167507,12.0
13160,1325,1,75,98.6,0,39048,5.7,220176,167989,12.0
13170,1326,1,75,98.6,0,38361,5.7,220431,168444,12.0
13180,1327,1,75,98.6,0,37617,5.7,220800,168901,12.0
13190,1328,1,75,98.6,0,36800,5.7,221108,169310,12.0
13200,1329,1,75,98.6,0,35904,5.7,221400,169847,12.0
13210,1330,1,75,98.6,0,34939,5.7,221767,170253,12.0
13220,1331,1,75,98.6,0,33910,5.7,222140,170730,12.0
13230,1332,1,75,98.6,0,32806,5.7,222454,171185,12.0
13240,1333,1,75,98.6,0,31647,5.7,222809,171637,12.0
13250,1334,1,75,98.6,0,30435,5.7,223134,172127,12.0
13260,1335,1,75,98.6,0,29190,5.7,223508,172521,12.0
13270,1336,1,75,98.6,0,27920,5.7,223724,172905,12.0
13280,1337,1,75,98.6,0,26640,5.7,224035,173334,12.0
13290,1338,1,75,98.6,0,25357,5.7,224281,173716,12.0
13300,1339,1,75,98.6,0,24087,5.7,224547,174028,12.0
13310,1340,1,75,98.6,0,22837,5.7,224813,174364,12.0
13320,1341,1,75,98.6,0,21624,5.7,225053,174692,12.0
13330,1342,1,75,98.6,0,20464,5.7,225285,174999,12.0
13340,1343,1,75,98.6,0,19353,5.7,225524,175339,12.0
13350,1344,1,75,98.6,0,18297,5.7,225696,175584,12.0
13360,1345,1,75,98.6,0,17302,5.7,225875,175899,12.0
13370,1346,1,75,98.6,0,16367,5.7,226127,176224,12.0
13380,1347,1,75,98.6,0,15505,5.7,226316,176466,12.0
13390,1348,1,75,98.6,0,14704,5.7,226524,176770,12.0
13400,1349,1,75,98.6,0,13959,5.7,226688,177078,12.0
13410,1350,1,75,98.6,0,13276,5.7,226895,177291,12.0
13420,1351,1,75,98.6,0,12638,5.7,227103,177549,12.0
13430,1352,1,75,98.6,0,12056,5.7,227261,177817,12.0
13440,1353,1,75,98.6,0,11514,5.7,227461,178080,12.0
13450,1354,1,75,98.6,0,11012,5.7,227657,178343,12.0
13460,1355,1,75,98.6,0,10549,5.7,227829,178583,12.0
13470,1356,1,75,98.6,0,10115,5.7,227990,178802,12.0
13480,1357,1,75,98.6,0,9693,5.7,228132,178958,12.0
13490,1358,1,75,98.6,0,9299,5.7,228066,178862,12.0
13500,1359,1,75,98.6,0,8927,5.7,227781,178393,12.0
13510,1360,1,75,98.6,0,8591,5.7,226993,177200,12.0
13520,1361,1,75,98.6,0,8305,5.7,225259,174753,12.0
13530,1362,1,75,98.6,0,8121,5.7,223007,171686,12.0
13540,1363,1,75,98.6,0,8119,5.7,220844,168810,12.0
13550,1364,1,75,98.6,0,8400,5.7,219192,166554,12.0
13560,1365,1,75,98.6,0,9088,5.7,217902,164869,12.0
13570,1366,1,75,98.6,0,10279,5.7,217004,163629,12.0
13580,1367,1,75,98.6,0,12060,5.7,216282,162612,12.0
13590,1368,1,75,98.6,0,14465,5.7,215690,161808,12.0
13600,1369,1,75,98.6,0,17483,5.7,215236,161165,12.0
13610,1370,1,75,98.6,0,21068,5.7,214799,160620,12.0
13620,1371,1,75,98.6,0,25131,5.7,214417,160111,12.0
13630,1372,1,75,98.6,0,29548,5.7,214178,159702,12.0
13640,1373,1,75,98.6,0,34185,5.7,213875,159338,12.0
13650,1374,1,75,98.6,0,38896,5.7,213602,158988,12.0
13660,1375,1,75,98.6,0,43522,5.7,213406,158741,12.0
13670,1376,1,75,98.6,0,47925,5.7,213206,158460,12.0
13680,1377,1,75,98.6,0,51988,5.7,213126,158310,12.0
13690,1378,1,75,98.6,0,55614,5.7,212951,158113,12.0
13700,1379,1,75,98.6,0,58743,5.7,212889,158030,12.0
13710,1380,1,75,98.6,0,61340,5.7,212889,158065,12.0
13720,1381,1,75,98.6,0,62258,5.7,213016,158231,12.0
13730,1382,1,75,98.6,0,62258,5.7,213220,158497,12.0
13740,1383,1,75,98.6,0,62258,5.7,213529,158927,12.0
13750,1384,1,75,98.6,0,62258,5.7,213911,159402,12.0
13760,1385,1,75,98.6,0,62258,5.7,214208,159891,12.0
13770,1386,1,75,98.6,8,62017,5.7,214571,160367,12.0
13780,1387,1,75,98.6,0,61486,5.7,214946,160812,12.0
13790,1388,1,75,98.6,0,60706,5.7,215260,161153,12.0
13800,1389,1,75,98.6,0,59721,5.7,215479,161496,12.0
13810,1390,1,75,98.6,0,58568,5.7,215675,161766,12.0
13820,1391,1,75,98.6,0,57290,5.7,215879,162057,12.0
13830,1392,1,75,98.6,0,55923,5.7,216033,162231,12.0
13840,1393,1,75,98.6,0,54501,5.7,216215,162480,12.0
13850,1394,1,75,98.6,0,53061,5.7,216328,162649,12.0
13860,1395,1,75,98.6,0,51635,5.7,216448,162881,12.0
13870,1396,1,75,98.6,0,50254,5.7,216615,163099,12.0
13880,1397,1,75,98.6,0,48928,5.7,216800,163355,12.0
13890,1398,1,75,98.6,0,47682,5.7,217024,163614,12.0
13900,1399,1,75,98.6,0,46520,5.5,217250,163944,12.0
13910,1400,1,75,98.6,0,45448,5.5,217467,164229,12.0
13920,1401,1,75,98.6,0,44455,5.5,217743,164583,12.0
13930,1402,1,75,98.6,0,43542,5.5,218001,164964,12.0
13940,1403,1,75,98.6,0,42703,5.5,218285,165350,12.0
13950,1404,1,75,98.6,0,41913,5.5,218567,165774,12.0
13960,1405,1,75,98.6,0,41157,5.5,218907,166230,12.0
13970,1406,1,75,98.6,0,40420,5.5,219247,166683,12.0
13980,1407,1,75,98.6,0,39686,5.5,219559,167122,12.0
13990,1408,1,75,98.6,0,38935,5.5,219879,167588,12.0
14000,1409,1,75,98.6,0,38156,5.5,220264,168095,12.0
14010,1410,1,75,98.6,0,37328,5.5,220617,168581,12.0
14020,1411,1,75,98.6,0,36452,5.5,221015,169071,12.0
14030,1412,1,75,98.6,0,35522,5.5,221308,169550,12.0
14040,1413,1,75,98.6,0,34531,5.5,221707,170033,12.0
14050,1414,1,75,98.6,0,33485,5.5,222048,170541,12.0
14060,1415,1,75,98.6,0,32384,5.5,222400,170994,12.0
14070,1416,1,75,98.6,0,31231,5.5,222739,171449,12.0
14080,1417,1,75,98.6,0,30038,5.5,223066,171898,12.0
14090,1418,1,75,98.6,0,28815,5.5,223361,172294,12.0
14100,1419,1,75,98.6,0,27578,5.5,223704,172762,12.0
14110,1420,1,75,98.6,0,26326,5.5,223953,173144,12.0
14120,1421,1,75,98.6,0,25087,5.5,224271,173537,12.0
14130,1422,1,75,98.6,0,23861,5.5,224513,173869,12.0
14140,1423,1,75,98.6,0,22664,5.5,224711,174198,12.0
14150,1424,1,75,98.6,0,21501,5.5,225015,174558,12.0
14160,1425,1,75,98.6,0,20383,5.5,225252,174854,12.0
14170,1426,1,75,98.6,0,19322,5.5,225472,175192,12.0
14180,1427,1,75,98.6,0,18312,5.5,225713,175501,12.0
14190,1428,1,75,98.6,0,17370,5.5,225943,175783,12.0
14200,1429,1,75,98.6,0,16485,5.5,226167,176059,12.0
14210,1430,1,75,98.6,0,15663,5.5,226318,176333,12.0
14220,1431,1,75,98.6,0,14904,5.5,226469,176581,12.0
14230,1432,1,75,98.6,0,14202,5.5,226711,176872,12.0
14240,1433,1,75,98.6,0,13564,5.5,226855,177138,12.0
14250,1434,1,75,98.6,0,12979,5.5,227084,177403,12.0
14260,1435,1,75,98.6,0,12447,5.5,227301,177672,12.0
14270,1436,1,75,98.6,0,11947,5.5,227456,177897,12.0
14280,1437,1,75,98.6,0,11484,5.5,227677,178181,12.0
14290,1438,1,75,98.6,0,11059,5.5,227910,178461,12.0
14300,1439,1,75,98.6,0,10660,5.5,228008,178744,12.0
14310,1440,1,75,98.6,0,10277,5.5,228272,178928,12.0
14320,1441,1,75,98.6,0,9911,5.5,228367,179153,12.0
14330,1442,1,75,98.6,0,9560,5.5,228529,179322,12.0
14340,1443,1,75,98.6,0,9226,5.5,228622,179455,12.0
14350,1444,1,75,98.6,0,8903,5.5,228504,179341,12.0
14360,1445,1,75,98.6,0,8596,5.5,228158,178812,12.0
14370,1446,1,75,98.6,0,8321,5.5,227105,177217,12.0
14380,1447,1,75,98.6,0,8100,5.5,225250,174499,12.0
14390,1448,1,75,98.6,0,7991,5.5,222957,171447,12.0
14400,1449,1,75,98.6,0,8073,5.5,220855,168686,12.0
14410,1450,1,75,98.6,0,8449,5.5,219334,166539,12.0
14420,1451,1,75,98.6,0,9230,5.5,218187,165035,12.0
14430,1452,1,75,98.6,0,10511,5.5,217378,163874,12.0
14440,1453,1,75,98.6,0,12358,5.5,216718,162992,12.0
14450,1454,1,75,98.6,0,14798,5.5,216146,162265,12.0
14460,1455,1,74,98.6,0,17806,5.5,215707,161645,12.1
14470,1456,1,74,98.6,0,21331,5.5,215334,161148,12.1
14480,1457,1,74,98.6,0,25265,5.5,215051,160733,12.1
14490,1458,1,74,98.6,0,29493,5.5,214773,160391,12.1
14500,1459,1,74,98.6,0,33893,5.5,214527,160049,12.1
14510,1460,1,74,98.6,0,38313,5.5,214291,159763,12.1
14520,1461,1,74,98.6,0,42610,5.5,214178,159556,12.1
14530,1462,1,74,98.6,0,46656,5.5,214018,159361,12.1
14540,1463,1,74,98.6,0,50349,5.5,213894,159209,12.1
14550,1464,1,74,98.6,0,53605,5.5,213856,159196,12.1
14560,1465,1,74,98.6,0,56378,5.5,213918,159197,12.1
14570,1466,1,74,98.6,0,58623,5.5,213979,159323,12.1
14580,1467,1,74,98.6,0,60346,5.5,214191,159548,12.1
14590,1468,1,74,98.6,0,61557,5.5,214416,159934,12.1
14600,1469,1,74,98.6,0,62258,5.5,214758,160393,12.1
14610,1470,1,74,98.6,0,62258,5.5,215170,160938,12.1
14620,1471,1,74,98.6,0,62145,5.5,215511,161462,12.1
14630,1472,1,74,98.6,8,61685,5.5,215941,161956,12.1
14640,1473,1,74,98.6,0,60930,5.5,216250,162400,12.1
14650,1474,1,74,98.6,0,59915,5.5,216524,162726,12.1
14660,1475,1,74,98.6,0,58697,5.5,216782,163062,12.1
14670,1476,1,74,98.6,0,57320,5.5,217006,163388,12.1
14680,1477,1,74,98.6,0,55820,5.5,217148,163567,12.1
14690,1478,1,74,98.6,0,54247,5.5,217286,163795,12.1
14700,1479,1,74,98.6,0,52647,5.5,217479,164012,12.1
14710,1480,1,74,98.6,0,51047,5.5,217613,164251,12.1
14720,1481,1,74,98.6,0,49484,5.5,217821,164463,12.1
14730,1482,1,74,98.6,0,47985,5.5,217932,164733,12.1
14740,1483,1,74,98.6,0,46576,5.5,218156,164980,12.1
14750,1484,1,74,98.6,0,45263,5.5,218393,165289,12.1
14760,1485,1,74,98.6,0,44050,5.5,218583,165589,12.1
14770,1486,1,74,98.6,0,42943,5.5,218878,165923,12.1
14780,1487,1,74,98.6,0,41932,5.5,219047,166303,12.1
14790,1488,1,74,98.6,0,41016,5.5,219454,166694,12.1
14800,1489,1,74,98.6,0,40164,5.5,219731,167113,12.1
14810,1490,1,74,98.6,0,39363,5.5,220037,167545,12.1
14820,1491,1,74,98.6,0,38594,5.5,220385,167959,12.1
14830,1492,1,74,98.6,0,37838,5.5,220655,168419,12.1
14840,1493,1,74,98.6,0,37069,5.5,220993,168872,12.1
14850,1494,1,74,98.6,0,36282,5.5,221349,169408,12.1
14860,1495,1,74,98.6,0,35448,5.5,221727,169882,12.1
14870,1496,1,74,98.6,0,34567,5.5,222104,170336,12.1
14880,1497,1,74,98.6,0,33627,5.5,222443,170874,12.1
14890,1498,1,74,98.6,0,32629,5.5,222786,171302,12.1
14900,1499,1,74,98.6,0,31560,5.5,223121,171797,12.1
14910,1500,1,74,98.6,0,30438,5.5,223454,172223,12.1
14920,1501,1,74,98.6,0,29250,5.5,223772,172711,12.1
14930,1502,1,74,98.6,0,28026,5.5,224091,173143,12.1
14940,1503,1,74,98.6,0,26764,5.5,224363,173520,12.1
14950,1504,1,74,98.6,0,25482,5.5,224622,173891,12.1
14960,1505,1,74,98.6,0,24186,5.5,224859,174253,12.1
14970,1506,1,74,98.6,0,22899,5.5,225150,174588,12.1
14980,1507,1,74,98.6,0,21636,5.5,225417,174922,12.1
14990,1508,1,74,98.6,0,20406,5.5,225596,175219,12.1
15000,1509,1,74,98.6,0,19218,5.5,225832,175558,12.1
15010,1510,1,74,98.6,0,18091,5.5,226060,175868,12.1
15020,1511,1,74,98.6,0,17025,5.5,226230,176157,12.1
15030,1512,1,74,98.6,0,16025,5.5,226450,176399,12.1
15040,1513,1,74,98.6,0,15098,5.5,226640,176668,12.1
15050,1514,1,74,98.6,0,14239,5.5,226854,176939,12.1
15060,1515,1,74,98.6,0,13458,5.5,227062,177218,12.1
15070,1516,1,74,98.6,0,12750,5.5,227217,177437,12.1
15080,1517,1,74,98.6,0,12099,5.5,227406,177721,12.1
15090,1518,1,74,98.6,0,11516,5.5,227590,177968,12.1
15100,1519,1,74,98.6,0,10985,5.5,227786,178201,12.1
15110,1520,1,74,98.6,0,10504,5.5,227968,178459,12.1
15120,1521,1,74,98.6,0,10063,5.5,228134,178761,12.1
15130,1522,1,74,98.6,0,9651,5.5,228358,178984,12.1
15140,1523,1,74,98.6,0,9273,5.5,228559,179241,12.1
15150,1524,1,74,98.6,0,8918,5.5,228637,179434,12.1
15160,1525,1,74,98.6,0,8580,5.5,228833,179629,12.1
15170,1526,1,74,98.6,0,8248,5.5,228891,179697,12.1
15180,1527,1,74,98.6,0,7939,5.5,228803,179643,12.1
15190,1528,1,74,98.6,0,7637,5.5,228502,179174,12.1
15200,1529,1,74,98.6,0,7363,5.5,227541,177721,12.1
15210,1530,1,74,98.6,0,7140,5.5,225826,175124,12.1
15220,1531,1,74,98.6,0,7025,5.5,223493,171994,12.1
15230,1532,1,74,98.6,0,7093,5.5,221377,169177,12.1
15240,1533,1,74,98.6,0,7467,5.5,219649,166975,12.1
15250,1534,1,74,98.6,0,8249,5.5,218506,165337,12.1
15260,1535,1,74,98.6,0,9554,5.5,217638,164078,12.1
15270,1536,1,74,98.6,0,11461,5.5,216913,163128,12.1
15280,1537,1,74,98.6,0,13999,5.5,216361,162381,12.1
15290,1538,1,74,98.6,0,17153,5.5,215883,161692,12.1
15300,1539,1,74,98.6,0,20869,5.5,215515,161152,12.1
15310,1540,1,74,98.6,0,25049,5.5,215197,160720,12.1
15320,1541,1,74,98.6,0,29571,5.5,214871,160307,12.1
15330,1542,1,74,98.6,0,34299,5.5,214666,159979,12.1
15340,1543,1,74,98.6,0,39072,5.5,214366,159607,12.1
15350,1544,1,74,98.6,0,43735,5.5,214199,159419,12.1
15360,1545,1,74,98.6,0,48153,5.5,214046,159190,12.1
15370,1546,1,74,98.6,0,52206,5.5,213917,159013,12.1
15380,1547,1,74,98.6,0,55809,5.5,213815,158937,12.1
15390,1548,1,74,98.6,0,58884,5.5,213809,158912,12.1
15400,1549,1,74,98.6,0,61414,5.5,213856,159001,12.1
15410,1550,1,74,98.6,0,62258,5.5,213996,159249,12.1
15420,1551,1,74,98.6,0,62258,5.5,214281,159565,12.1
15430,1552,1,74,98.6,0,62258,5.5,214631,160031,12.1
15440,1553,1,74,98.6,0,62258,5.5,214939,160512,12.1
15450,1554,1,74,98.6,0,62151,5.5,215339,161008,12.1
15460,1555,1,74,98.6,8,61785,5.5,215652,161485,12.1
15470,1556,1,74,98.6,0,61126,5.5,215944,161853,12.1
15480,1557,1,74,98.6,0,60223,5.5,216200,162203,12.1
15490,1558,1,74,98.6,0,59114,5.5,216446,162477,12.1
15500,1559,1,74,98.6,0,57849,5.5,216613,162716,12.1
15510,1560,1,74,98.6,0,56473,5.5,216765,162941,12.1
15520,1561,1,74,98.6,0,55021,5.5,216869,163107,12.1
15530,1562,1,74,98.6,0,53540,5.5,216982,163253,12.1
15540,1563,1,74,98.6,0,52059,5.5,217133,163416,12.1
15550,1564,1,74,98.6,0,50624,5.5,217281,163613,12.1
15560,1565,1,74,98.6,0,49255,5.5,217433,163829,12.1
15570,1566,1,74,98.6,0,47971,5.5,217587,164050,12.1
15580,1567,1,74,98.6,0,46773,5.5,217742,164313,12.1
15590,1568,1,74,98.6,0,45692,5.5,217977,164578,12.1
15600,1569,1,74,98.6,0,44706,5.5,218182,164914,12.1
15610,1570,1,74,98.6,0,43817,5.5,218414,165241,12.1
15620,1571,1,74,98.6,0,43008,5.5,218726,165596,12.1
15630,1572,1,74,98.6,0,42275,5.5,218975,165962,12.1
15640,1573,1,74,98.6,0,41592,5.5,219286,166387,12.1
15650,1574,1,74,98.6,0,40933,5.5,219646,166814,12.1
15660,1575,1,74,98.6,0,40288,5.5,219943,167265,12.1
15670,1576,1,74,98.6,0,39631,5.5,220275,167716,12.1
15680,1577,1,74,98.6,0,38946,5.5,220616,168148,12.1
15690,1578,1,74,98.6,0,38218,5.5,220950,168654,12.1
15700,1579,1,74,98.6,0,37436,5.5,221268,169126,12.1
15710,1580,1,74,98.6,0,36594,5.5,221658,169587,12.1
15720,1581,1,74,98.6,0,35682,5.5,222020,170072,12.1
15730,1582,1,74,98.6,0,34703,5.5,222365,170563,12.1
15740,1583,1,74,98.6,0,33664,5.5,222701,171045,12.1
15750,1584,1,74,98.6,0,32557,5.5,222966,171457,12.1
15760,1585,1,74,98.6,0,31399,5.5,223231,171917,12.1
15770,1586,1,74,98.6,0,30199,5.5,223630,172338,12.1
15780,1587,1,74,98.6,0,28969,5.5,223937,172760,12.1
15790,1588,1,74,98.6,0,27725,5.5,224258,173171,12.1
15800,1589,1,74,98.6,0,26476,5.5,224480,173517,12.1
15810,1590,1,74,98.6,0,25236,5.5,224751,173952,12.1
15820,1591,1,74,98.6,0,24008,5.5,225023,174268,12.1
15830,1592,1,74,98.6,0,22820,5.5,225261,174600,12.1
15840,1593,1,74,98.6,0,21672,5.5,225510,174916,12.1
15850,1594,1,74,98.6,0,20566,5.5,225717,175198,12.1
15860,1595,1,74,98.6,0,19516,5.5,225937,175542,12.1
15870,1596,1,74,98.6,0,18518,5.5,226146,175801,12.1
15880,1597,1,74,98.6,0,17589,5.5,226350,176109,12.1
15890,1598,1,74,98.6,0,16729,5.5,226565,176389,12.1
15900,1599,1,74,98.6,0,15927,5.5,226708,176645,12.1
15910,1600,1,74,98.6,0,15189,5.5,226916,176891,12.1
15920,1601,1,74,98.6,0,14509,5.5,227106,177190,12.1
15930,1602,1,74,98.6,0,13889,5.5,227278,177424,12.1
15940,1603,1,74,98.6,0,13317,5.5,227512,177710,12.1
15950,1604,1,74,98.6,0,12798,5.5,227658,177939,12.1
15960,1605,1,74,98.6,0,12312,5.5,227873,178217,12.1
15970,1606,1,74,98.6,0,11864,5.5,228001,178435,12.1
15980,1607,1,74,98.6,0,11448,5.5,228149,178660,12.1
15990,1608,1,74,98.6,0,11054,5.5,228281,178813,12.1
16000,1609,1,74,98.6,0,10681,5.5,228272,178796,12.1
16010,1610,1,74,98.6,0,10330,5.5,228096,178536,12.1
16020,1611,1,74,98.6,0,10007,5.5,227408,177399,12.1
16030,1612,1,74,98.6,0,9721,5.5,225851,175161,12.1
16040,1613,1,74,98.6,0,9528,5.5,223675,172179,12.1
16050,1614,1,74,98.6,0,9485,5.5,221460,169214,12.1
16060,1615,1,74,98.6,0,9697,5.5,219699,166806,12.1
16070,1616,1,74,98.6,0,10271,5.5,218374,165025,12.1
16080,1617,1,74,98.6,0,11310,5.5,217387,163681,12.1
16090,1618,1,74,98.6,0,12901,5.5,216543,162582,12.1
16100,1619,1,74,98.6,0,15082,5.5,215968,161719,12.1
16110,1620,1,74,98.6,0,17861,5.5,215440,160997,12.1
16120,1621,1,74,98.6,0,21197,5.5,214961,160402,12.1
16130,1622,1,74,98.6,0,25012,5.5,214606,159853,12.1
16140,1623,1,74,98.6,0,29202,5.5,214205,159353,12.1
16150,1624,1,74,98.6,0,33635,5.5,213959,158963,12.1
16160,1625,1,74,98.6,0,38172,5.5,213659,158630,12.1
16170,1626,1,74,98.6,0,42661,5.5,213438,158312,12.1
16180,1627,1,74,98.6,0,46972,5.5,213273,158050,12.1
16190,1628,1,74,98.6,0,50985,5.5,213052,157782,12.1
16200,1629,1,74,98.6,0,54604,5.5,212915,157632,12.1
16210,1630,1,74,98.6,0,57765,5.5,212718,157516,12.1
16220,1631,1,74,98.6,0,60423,5.5,212733,157485,12.1
16230,1632,1,74,98.6,0,62258,5.5,212865,157598,12.1
16240,1633,1,74,98.6,0,62258,5.5,212996,157840,12.1
16250,1634,1,74,98.6,0,62258,5.5,213296,158186,12.1
16260,1635,1,74,98.6,0,62258,5.5,213622,158600,12.1
16270,1636,1,74,98.6,0,62258,5.5,213920,159113,12.1
16280,1637,1,74,98.6,0,62142,5.5,214304,159587,12.1
16290,1638,1,74,98.6,8,61730,5.5,214645,160009,12.1
16300,1639,1,74,98.6,0,61068,5.5,214974,160371,12.1
16310,1640,1,74,98.6,0,60194,5.5,215231,160771,12.1
16320,1641,1,74,98.6,0,59143,5.5,215414,161045,12.1
16330,1642,1,74,98.6,0,57957,5.5,215586,161309,12.1
16340,1643,1,74,98.6,0,56675,5.5,215793,161538,12.1
16350,1644,1,74,98.6,0,55332,5.5,215978,161744,12.1
16360,1645,1,74,98.6,0,53960,5.5,216123,161968,12.1
16370,1646,1,74,98.6,0,52593,5.5,216245,162177,12.1
16380,1647,1,74,98.6,0,51250,5.5,216378,162398,12.1
16390,1648,1,74,98.6,0,49956,5.5,216599,162623,12.1
16400,1649,1,74,98.6,0,48720,5.5,216789,162924,12.1
16410,1650,1,74,98.6,0,47565,5.5,216977,163190,12.1
16420,1651,1,74,98.6,0,46487,5.5,217260,163535,12.1
16430,1652,1,74,98.6,0,45496,5.5,217485,163860,12.1
16440,1653,1,74,98.6,0,44571,5.5,217749,164206,12.1
16450,1654,1,74,98.6,0,43709,5.5,218046,164654,12.1
16460,1655,1,73,98.6,0,42904,5.5,218372,165078,12.2
16470,1656,1,73,98.6,0,42137,5.5,218665,165524,12.2
16480,1657,1,73,98.6,0,41388,5.5,218940,165935,12.2
16490,1658,1,73,98.6,0,40647,5.5,219335,166409,12.2
16500,1659,1,73,98.6,0,39894,5.5,219685,166926,12.2
16510,1660,1,73,98.6,0,39115,5.5,220022,167362,12.2
16520,1661,1,73,98.6,0,38294,5.5,220405,167875,12.2
16530,1662,1,73,98.6,0,37431,5.5,220766,168371,12.2
16540,1663,1,73,98.6,0,36515,5.5,221148,168870,12.2
16550,1664,1,73,98.6,0,35547,5.5,221480,169372,12.2
16560,1665,1,73,98.6,0,34521,5.5,221883,169902,12.2
16570,1666,1,73,98.6,0,33441,5.5,222212,170377,12.2
16580,1667,1,73,98.6,0,32312,5.5,222526,170824,12.2
16590,1668,1,73,98.6,0,31143,5.5,222910,171309,12.2
16600,1669,1,73,98.6,0,29946,5.5,223218,171701,12.2
16610,1670,1,73,98.6,0,28724,5.5,223598,172177,12.2
16620,1671,1,73,98.6,0,27493,5.5,223860,172576,12.2
16630,1672,1,73,98.6,0,26258,5.5,224125,172995,12.2
16640,1673,1,73,98.6,0,25041,5.5,224446,173369,12.2
16650,1674,1,73,98.6,0,23846,5.5,224715,173752,12.2
16660,1675,1,73,98.6,0,22679,5.5,224912,174069,12.2
16670,1676,1,73,98.6,0,21551,5.5,225168,174445,12.2
16680,1677,1,73,98.6,0,20471,5.5,225405,174711,12.2
16690,1678,1,73,98.6,0,19445,5.5,225631,175056,12.2
16700,1679,1,73,98.6,0,18475,5.5,225829,175301,12.2
16710,1680,1,73,98.6,0,17564,5.5,226044,175626,12.2
16720,1681,1,73,98.6,0,16719,5.5,226202,175897,12.2
16730,1682,1,73,98.6,0,15929,5.5,226480,176199,12.2
16740,1683,1,73,98.6,0,15205,5.5,226596,176499,12.2
16750,1684,1,73,98.6,0,14543,5.5,226909,176767,12.2
16760,1685,1,73,98.6,0,13931,5.5,227094,177036,12.2
16770,1686,1,73,98.6,0,13365,5.5,227234,177310,12.2
16780,1687,1,73,98.6,0,12845,5.5,227488,177596,12.2
16790,1688,1,73,98.6,0,12366,5.5,227626,177837,12.2
16800,1689,1,73,98.6,0,11918,5.5,227854,178142,12.2
16810,1690,1,73,98.6,0,11501,5.5,227986,178320,12.2
16820,1691,1,73,98.6,0,11110,5.5,228183,178508,12.2
16830,1692,1,73,98.6,0,10734,5.5,228236,178688,12.2
16840,1693,1,73,98.6,0,10374,5.5,228211,178684,12.2
16850,1694,1,73,98.6,0,10040,5.5,227995,178311,12.2
16860,1695,1,73,98.6,0,9732,5.5,227232,177096,12.2
16870,1696,1,73,98.6,0,9470,5.5,225615,174730,12.2
16880,1697,1,73,98.6,0,9301,5.5,223442,171754,12.2
16890,1698,1,73,98.6,0,9291,5.5,221274,168921,12.2
16900,1699,1,73,98.6,0,9534,5.5,219600,166693,12.2
16910,1700,1,73,98.6,0,10122,5.5,218368,165031,12.2
16920,1701,1,73,98.6,0,11167,5.5,217415,163714,12.2
16930,1702,1,73,98.6,0,12733,5.5,216718,162762,12.2
16940,1703,1,73,98.6,0,14857,5.5,216119,161925,12.2
16950,1704,1,73,98.6,0,17539,5.5,215597,161296,12.2
16960,1705,1,73,98.6,0,20725,5.5,215202,160733,12.2
16970,1706,1,73,98.6,0,24346,5.5,214855,160263,12.2
16980,1707,1,73,98.6,0,28293,5.5,214544,159867,12.2
16990,1708,1,73,98.6,0,32450,5.5,214268,159484,12.2
17000,1709,1,73,98.6,0,36674,5.5,214062,159188,12.2
17010,1710,1,73,98.6,0,40833,5.5,213866,158930,12.2
17020,1711,1,73,98.6,0,44803,5.5,213666,158687,12.2
17030,1712,1,73,98.6,0,48470,5.5,213537,158520,12.2
17040,1713,1,73,98.6,0,51758,5.5,213424,158385,12.2
17050,1714,1,73,98.6,0,54601,5.5,213372,158292,12.2
17060,1715,1,73,98.6,0,56967,5.5,213436,158349,12.2
17070,1716,1,73,98.6,0,58843,5.5,213552,158574,12.2
17080,1717,1,73,98.6,0,60231,5.5,213787,158893,12.2
17090,1718,1,73,98.6,0,61150,5.5,214150,159346,12.2
17100,1719,1,73,98.6,0,61644,5.5,214487,159806,12.2
17110,1720,1,73,98.6,0,61745,5.5,214888,160369,12.2
17120,1721,1,73,98.6,8,61489,5.5,215231,160876,12.2
17130,1722,1,73,98.6,0,60920,5.5,215645,161367,12.2
17140,1723,1,73,98.6,0,60085,5.5,215943,161773,12.2
17150,1724,1,73,98.6,0,59026,5.5,216222,162136,12.2
17160,1725,1,73,98.6,0,57791,5.5,216458,162436,12.2
17170,1726,1,73,98.6,0,56409,5.5,216657,162687,12.2
17180,1727,1,73,98.6,0,54930,5.5,216818,162941,12.2
